episode_id,episode_title,show_name,published_at,as_of_date,total_performance_combined,audio_downloads_total,audio_downloads_7day,audio_downloads_30day,youtube_views_total,youtube_views_7day,youtube_views_30day,is_full_length,starting_percentile,retention_at_point_1,first_dropoff_percentile,retention_at_first_dropoff,first_dropoff_pct,second_dropoff_percentile,retention_at_second_dropoff,second_dropoff_pct,num_upward_spikes,max_spike_pct
11114,"Introducing Big Bro with Kid Cudi — Launching April 1st, 2026 🚀",Big Bro with Kid Cudi,3/26/2026 22:59:00,7/20/2026,415,415,118,241,,,,,,,,,,,,,,
11018,"Pat Surtain II & Terrion Arnold on Broncos AFC Championship Loss, NFL Off-Season & NBA Trade MADNESS",Closed on Sundays with Pat Surtain & Terrion Arnold,2/6/2026 0:00:00,7/20/2026,18981,1962,1369,1738,17019,14632,16220,TRUE,1,0.9191,2,0.6193,-0.2998,3,0.5777,-0.0416,24,0.038
11040,"Seahawks Jalen Milroe on Super Bowl Win, Backup QB Confessions & UNTOLD Nick Saban Retirement Story",Closed on Sundays with Pat Surtain & Terrion Arnold,2/18/2026 13:00:00,7/20/2026,53225,2074,1431,1756,51151,42890,47964,TRUE,1,0.8989,2,0.5072,-0.3917,3,0.4148,-0.0924,16,0.1507
11055,"Steelers Asante Samuel Jr. on Facing Spinal Surgery, NFL Combine MYTHS & Playing with Aaron Rodgers",Closed on Sundays with Pat Surtain & Terrion Arnold,2/26/2026 13:00:00,7/20/2026,10840,2093,1190,1485,8747,6997,7739,TRUE,1,0.8826,2,0.5943,-0.2883,3,0.5333,-0.061,25,0.0534
10952,"Champ Bailey UNLOCKED: Playing with Deion Sanders, Super Bowl Stories & The BLOCKBUSTER Denver Trade",Closed on Sundays with Pat Surtain & Terrion Arnold,1/7/2026 13:00:00,7/20/2026,28654,2149,1500,1912,26505,22199,24989,TRUE,1,0.8534,2,0.5247,-0.3287,3,0.4878,-0.0369,15,0.0365
10969,The REAL DBU: New Orleans Saints Kool-Aid McKinstry’s NFL BREAKOUT & UNTOLD Nick Saban Stories,Closed on Sundays with Pat Surtain & Terrion Arnold,1/14/2026 15:45:00,7/20/2026,43766,2177,1607,1924,41589,33823,37596,TRUE,1,0.8543,2,0.4883,-0.366,3,0.4444,-0.0439,35,0.0577
10979,"INSIDE AFC Championship Week: Broncos Nik Bonitto on Bo Nix, SWARMING Josh Allen & NFL Playoff CHAOS",Closed on Sundays with Pat Surtain & Terrion Arnold,1/21/2026 18:55:00,7/20/2026,34888,2270,1720,2020,32618,30632,31746,TRUE,1,0.8987,2,0.6238,-0.2749,3,0.5605,-0.0633,16,0.0624
11268,Inside Milly Alcock’s Supergirl Transformation,Big Bro with Kid Cudi,6/10/2026 13:00:00,7/20/2026,71960,8581,6457,8306,63379,43681,61744,TRUE,1,0.8913,2,0.571,-0.3203,3,0.4085,-0.1625,30,0.0116
11232,"Kid Cudi Reveals NEW SONG, Craziest Tour Stories & More with Chip Tha Ripper",Big Bro with Kid Cudi,5/20/2026 13:00:00,7/20/2026,31235,9768,6839,8947,21467,16151,20141,TRUE,1,0.7976,2,0.5182,-0.2794,3,0.488,-0.0302,27,0.0176
11245,"Mike Epps Swaps Wild Stories with Kid Cudi: Baby Mama Drama, Classic Movies & Weird Hobbies 🤣",Big Bro with Kid Cudi,5/27/2026 13:00:00,7/20/2026,138580,9947,7014,9165,128633,81871,122596,TRUE,1,0.8491,2,0.5555,-0.2936,3,0.5239,-0.0316,16,0.0235
11257,"Kathryn Hahn SPILLS All to Kid Cudi: Hollywood Secrets, Seth Rogen & Roles That Got Away",Big Bro with Kid Cudi,6/3/2026 13:00:00,7/20/2026,34483,10608,7860,10090,23875,17338,22849,TRUE,1,0.847,2,0.5674,-0.2796,3,0.5219,-0.0455,22,0.0273
11204,OutKast’s Big Boi Dives Into Every Album & His Wildest Exotic Pets,Big Bro with Kid Cudi,5/6/2026 13:00:00,7/20/2026,74813,12086,7721,10761,62727,40743,58247,TRUE,1,0.8719,2,0.5898,-0.2821,3,0.5162,-0.0736,16,0.0102
11283,Kid Cudi & Brittany Snow Get Intimate About Sex Scenes & Perfect Playlists,Big Bro with Kid Cudi,6/17/2026 13:00:00,7/20/2026,30740,12413,6414,12087,18327,13612,18167,TRUE,1,0.8985,2,0.5795,-0.319,3,0.5431,-0.0364,27,0.017
11214,"What Collabing with Kanye, Eminem & Lil Wayne Is REALLY Like w/ Dot Da Genius",Big Bro with Kid Cudi,5/13/2026 10:00:00,7/20/2026,66872,12632,8059,11067,54240,40413,50558,TRUE,1,0.8405,2,0.491,-0.3495,3,0.4053,-0.0857,19,0.0076
11185,"Adam Scott: Severance Season 3, Step Brothers & Taylor Swift's Songwriting",Big Bro with Kid Cudi,4/29/2026 13:00:00,7/20/2026,48938,14652,9353,12342,34286,21620,30573,TRUE,1,0.8458,2,0.5228,-0.323,3,0.5085,-0.0143,13,0.0208
11157,How Nickelodeon Made Comedy Gold: Kel Mitchell,Big Bro with Kid Cudi,4/15/2026 16:00:00,7/20/2026,70435,15238,9021,12312,55197,30851,43494,TRUE,1,0.8857,2,0.4393,-0.4464,3,0.3997,-0.0396,10,0.0177
11165,"Wiz Khalifa: Crafting Megahits, Rap Friendships & His Dream Blunt Rotation",Big Bro with Kid Cudi,4/20/2026 13:00:00,7/20/2026,274256,20426,11150,17177,253830,164901,234905,TRUE,1,0.8759,2,0.503,-0.3729,3,0.4858,-0.0172,10,0.0059
11143,"Jenna Ortega: Acting Secrets, Evolving as Wednesday Addams & Writing Letters to Obama",Big Bro with Kid Cudi,4/8/2026 21:27:00,7/20/2026,331140,23025,12967,18461,308115,182571,241680,TRUE,1,0.9034,2,0.558,-0.3454,3,0.5006,-0.0574,21,0.0331
11129,"Kylie Jenner Rare Interview: Hollywood Ambitions, Fav Timothée Chalamet Movie & Kid Cudi Music",Big Bro with Kid Cudi,4/1/2026 16:00:00,7/20/2026,1558071,92373,50378,70722,1465698,946694,1313076,TRUE,1,0.8786,2,0.6015,-0.2771,3,0.5982,-0.0033,15,0.0693
11266,Carmelo Anthony's Message to the Knicks Before Game 4 of the NBA Finals,7PM in Brooklyn with Carmelo Anthony,6/10/2026 18:15:00,7/20/2026,104664,17618,14948,17471,87046,84184,86663,TRUE,1,0.9136,2,0.7141,-0.1995,3,0.6582,-0.0559,14,0.0156
11272,Carmelo and Rasheed Wallace React to the Greatest Comeback in NBA Finals History,7PM in Brooklyn with Carmelo Anthony,6/12/2026 4:07:00,7/20/2026,325697,21364,17070,21144,304333,270151,300700,TRUE,1,0.8882,2,0.6931,-0.1951,3,0.6585,-0.0346,16,0.0488
11089,"Aldis Hodge Gets Real on Black Panther Speculation, Talks Cross, Fatherhood & Hollywood",7PM in Brooklyn with Carmelo Anthony,3/16/2026 11:00:00,7/20/2026,60406,23616,19130,22387,36790,28661,34425,TRUE,1,0.896,2,0.5687,-0.3273,3,0.5301,-0.0386,24,0.0579
11209,"PlaqueBoyMax Talks Drake’s Iceman Rollout, Bronny, Streaming & LaMelo Stealing Melo's Nickname",7PM in Brooklyn with Carmelo Anthony,5/11/2026 11:00:00,7/20/2026,135829,23796,18070,22837,112033,93023,108948,TRUE,1,0.8699,2,0.5263,-0.3436,3,0.5494,0.0231,23,0.0604
11073,"Shakur Stevenson on Being Best Boxer in the World, Teofimo Fight, Floyd & Bud Crawford Mentorship",7PM in Brooklyn with Carmelo Anthony,3/9/2026 11:00:00,7/20/2026,148616,24881,20020,23671,123735,98558,116223,TRUE,1,0.8308,2,0.527,-0.3038,3,0.514,-0.013,29,0.0425
10988,"Tylil James on Stealing Rare LeBron Jersey from Melo, Kai Cenat & Fixing NBA All-Star Weekend",7PM in Brooklyn with Carmelo Anthony,1/26/2026 12:00:00,7/20/2026,289917,25075,19692,23044,264842,211742,250043,TRUE,1,0.865,2,0.536,-0.329,3,0.4775,-0.0585,25,0.0449
11288,"No. 1 Pick AJ Dybantsa Says He'll Make Playoffs as a Rookie, Talks Darryn Peterson Rivalry & Melo’s Advice",7PM in Brooklyn with Carmelo Anthony,6/22/2026 11:00:00,7/20/2026,164404,25582,21086,25582,138822,116183,138822,TRUE,1,0.8571,2,0.6223,-0.2348,3,0.5586,-0.0637,23,0.0694
10994,"Styles P on LOX Longevity, J Cole & MC vs Rapper Debate",7PM in Brooklyn with Carmelo Anthony,1/28/2026 12:00:00,7/20/2026,146057,26975,20185,24414,119082,97883,111182,TRUE,1,0.8626,2,0.5672,-0.2954,3,0.5467,-0.0205,23,0.0472
11223,"Carmelo and Steve Novak Untold Knickstape Stories, Secret NBA Deals, Knicks Finals Chances & More",7PM in Brooklyn with Carmelo Anthony,5/18/2026 11:00:00,7/20/2026,150134,27062,18825,25668,123072,79602,114891,TRUE,1,0.8989,2,0.6361,-0.2628,3,0.6076,-0.0285,19,0.0161
10973,"Mary J. Blige Reveals Unreleased Jay-Z Collab, Passing on Rihanna’s “Umbrella"", & Vegas Residency",7PM in Brooklyn with Carmelo Anthony,1/19/2026 12:00:00,7/20/2026,141217,27338,21436,25055,113879,93690,107848,TRUE,1,0.9365,2,0.565,-0.3715,3,0.5042,-0.0608,14,0.0198
11102,"Carmelo Anthony on Kiyan’s Next Step, Debates March Madness Picks & Best Hood Film Ever",7PM in Brooklyn with Carmelo Anthony,3/23/2026 11:00:00,7/20/2026,61763,27384,21121,25026,34379,28868,30908,TRUE,1,0.8622,2,0.518,-0.3442,3,0.492,-0.026,26,0.008
11238,"Mojo Brooks on Kevin Hart Roast Fallout, Comedy OGs, Katt Williams & Caleb Williams",7PM in Brooklyn with Carmelo Anthony,5/25/2026 11:00:00,7/20/2026,352095,28459,18495,26820,323636,208328,291777,TRUE,1,0.8789,2,0.656,-0.2229,3,0.5951,-0.0609,24,0.0293
11020,"Michael Vick on His NFL Comeback, Changing the QB Position & Finding Purpose After Football",7PM in Brooklyn with Carmelo Anthony,2/9/2026 12:00:00,7/20/2026,145860,28701,20186,25964,117159,88971,110917,TRUE,1,0.9015,2,0.6554,-0.2461,3,0.6127,-0.0427,16,0.0449
11004,"John Starks Talks Michael Jordan Battles, the DUNK, Knicks Alumni Night & 90s NBA Rivalries",7PM in Brooklyn with Carmelo Anthony,2/2/2026 12:00:00,7/20/2026,125708,29593,20715,26119,96115,69352,87282,TRUE,1,0.8977,2,0.5697,-0.328,3,0.5897,0.02,23,0.0363
11134,"Shawn Michaels on Why The Rock Match Never Happened, Triple H & Undertaker, and Coaching WWE NXT",7PM in Brooklyn with Carmelo Anthony,4/6/2026 11:00:00,7/20/2026,280083,30221,22778,28114,249862,211122,242701,TRUE,1,0.8643,2,0.5407,-0.3236,3,0.5079,-0.0328,22,0.0557
11856,"Rasheed Wallace Shares Legendary Hoop Stories: Ducking MJ 1v1, Battling Shaq & Kobe, Knicks Tape Era",7PM in Brooklyn with Carmelo Anthony,6/29/2026 11:00:00,7/20/2026,247383,30260,23597,30260,217123,151368,217123,TRUE,1,0.8093,2,0.5548,-0.2545,3,0.5457,-0.0091,32,0.0376
11866,Jaylen Brown Trade Reaction & LeBron's Next Team | NBA Free Agency,7PM in Brooklyn with Carmelo Anthony,7/2/2026 8:30:00,7/20/2026,243602,30342,25042,30342,213260,202647,213260,TRUE,1,0.8983,2,0.6921,-0.2062,3,0.6544,-0.0377,13,0.0261
11119,"2 Chainz Talks Getting Cursed Out by Melo, His Best One Liners, the Hit Song He Passed On & More",7PM in Brooklyn with Carmelo Anthony,3/30/2026 11:00:00,7/20/2026,108003,30358,20631,27345,77645,48242,67575,TRUE,1,0.8319,2,0.5322,-0.2997,3,0.5155,-0.0167,26,0.0577
12870,"T.I. & Nigel Sylvester Talk ATL Stories, Hov Co-Signs & Debate the Best Jordan Collabs",7PM in Brooklyn with Carmelo Anthony,7/6/2026 11:00:00,7/20/2026,144732,30408,24039,30408,114324,89926,114324,TRUE,1,0.8185,2,0.5333,-0.2852,3,0.524,-0.0093,27,0.0303
11161,"Wale Debates Best DatPiff Mixtapes, Everything Is A Lot + Will Packer on What Makes a Movie a Hit",7PM in Brooklyn with Carmelo Anthony,4/20/2026 11:00:00,7/20/2026,79469,31020,21081,28611,48449,31432,43680,TRUE,1,0.8185,2,0.5512,-0.2673,3,0.5289,-0.0223,25,0.0269
11044,"Wood Harris on The Wire, Above the Rim & Feeling Pressure Acting With Denzel Washington",7PM in Brooklyn with Carmelo Anthony,2/23/2026 12:00:00,7/20/2026,248239,31056,22524,28341,217183,164055,202619,TRUE,1,0.8594,2,0.5275,-0.3319,3,0.5214,-0.0061,27,0.063
11059,"Ali Siddiq Confronts 7PM in Brooklyn Over Katt Williams Clip & Talks Netflix, Independence & Legacy",7PM in Brooklyn with Carmelo Anthony,3/2/2026 12:00:00,7/20/2026,432431,31975,24264,29525,400456,264242,308363,TRUE,1,0.8789,2,0.5336,-0.3453,3,0.5101,-0.0235,23,0.0308
11149,"Jose Alvarado on “Grand Theft Alvarado”, Untold Chris Paul Story & Knicks Playoff Push",7PM in Brooklyn with Carmelo Anthony,4/13/2026 11:00:00,7/20/2026,309002,32167,22133,27999,276835,137007,167865,TRUE,1,0.826,2,0.5317,-0.2943,3,0.5079,-0.0238,29,0.0224
11194,"Carmelo Anthony Debates Best White NBA Player, Best Co-Star for Cade Cunningham, Hood Snacks & Drake’s Iceman",7PM in Brooklyn with Carmelo Anthony,5/4/2026 11:00:00,7/20/2026,91550,33869,25314,31863,57681,36110,49175,TRUE,1,0.8607,2,0.5392,-0.3215,3,0.5012,-0.038,25,0.0349
10958,"PJ Tucker on NBA Longevity, Sneaker Culture & Challenging Steph Curry's Warriors Dynasty",7PM in Brooklyn with Carmelo Anthony,1/12/2026 12:00:00,7/20/2026,174603,37320,26679,33257,137283,90725,115267,TRUE,1,0.851,2,0.5898,-0.2612,3,0.525,-0.0648,23,0.0359
11275,"Jeremy Lin & Melo Finally Break Silence on Linsanity, the Knicks Exit & What Really Happened",7PM in Brooklyn with Carmelo Anthony,6/12/2026 16:00:00,7/20/2026,629953,38880,28136,37939,591073,511100,584897,TRUE,1,0.853,2,0.5352,-0.3178,3,0.5127,-0.0225,23,0.1502
11032,"DeMarcus Cousins & Melo Share Untold Team USA Stories, Almost Teaming Up in New Orleans, Teams to Watch After All Star & Navigating NBA Narratives",7PM in Brooklyn with Carmelo Anthony,2/16/2026 12:00:00,7/20/2026,311651,39829,25224,33879,271822,195664,233454,TRUE,1,0.8445,2,0.5463,-0.2982,3,0.5345,-0.0118,28,0.0235
11118,"J. Cole Reflects on Drake & Kendrick Battle, JAY-Z Diss Rumor, The Fall Off & More",7PM in Brooklyn with Carmelo Anthony,3/27/2026 16:00:00,7/20/2026,972979,45055,29638,39214,927924,667611,804624,TRUE,1,0.7698,2,0.4774,-0.2924,3,0.4593,-0.0181,30,0.0611
12888,Trick Shots Gone WRONG with Insane Shaye & Fatt Stafford ,Almost Athletes with Dude Perfect,7/15/2026 14:00:00,7/20/2026,56778,12413,12413,12413,44365,44365,44365,TRUE,1,0.9591,2,0.4747,-0.4844,3,0.4124,-0.0623,20,0.0541
11864,EXCLUSIVE Footage: Dude Perfect Tour Behind-The-Scenes,Almost Athletes with Dude Perfect,7/1/2026 14:00:00,7/20/2026,74175,18139,13625,18139,56036,47580,56036,TRUE,1,0.8847,2,0.517,-0.3677,3,0.4501,-0.0669,21,0.0749
12879,We Tried The WEIRDEST Hot Dog Toppings 🌭,Almost Athletes with Dude Perfect,7/8/2026 14:00:00,7/20/2026,102289,22562,19115,22562,79727,74275,79727,TRUE,1,0.8949,2,0.5314,-0.3635,3,0.4992,-0.0322,11,0.0479
11403,"Cooper Flagg & Ace Flagg on the Pain of Losing, Love of Anime, & Being a Mav for Life",Almost Athletes with Dude Perfect,6/24/2026 14:00:00,7/20/2026,111641,22816,16489,22816,88825,72598,88825,TRUE,1,0.8869,2,0.4186,-0.4683,3,0.3781,-0.0405,22,0.1622
11269,Is Team USA Ready? Tim Weah’s World Cup Preview with Dude Perfect,Almost Athletes with Dude Perfect,6/10/2026 14:00:00,7/20/2026,73731,23630,16021,22637,50101,40871,49375,TRUE,1,0.8515,2,0.4391,-0.4124,3,0.3842,-0.0549,15,0.0998
11244,"Kyle Rudolph On The Evolution of NFL Tight Ends, Controversial Calls & Future of College Football",Almost Athletes with Dude Perfect,5/27/2026 14:00:00,7/20/2026,68774,23701,15653,21674,45073,35127,43052,TRUE,1,0.832,2,0.4606,-0.3714,3,0.426,-0.0346,17,0.0829
11259,Tim Tebow Gets REAL on Changes to College Football,Almost Athletes with Dude Perfect,6/3/2026 14:00:00,7/20/2026,88737,25152,16524,23184,63585,47916,59156,TRUE,1,0.8553,2,0.4604,-0.3949,3,0.4076,-0.0528,19,0.1211
11172,Scott Hanson Reveals NFL RedZone Secrets & NFL Draft Preview (w/ Dude Perfect),Almost Athletes with Dude Perfect,4/22/2026 14:00:00,7/20/2026,68644,25193,15167,21195,43451,34184,40582,TRUE,1,0.8167,2,0.4277,-0.389,3,0.3946,-0.0331,18,0.0342
11282,Dude Perfect Dad Tells All! ,Almost Athletes with Dude Perfect,6/17/2026 14:00:00,7/20/2026,87549,25504,17359,25101,62045,50239,61881,TRUE,1,0.8357,2,0.4752,-0.3605,3,0.4446,-0.0306,22,0.0959
11220,"WWE’s The Miz on Getting Kicked Out of the Locker Room, John Cena’s Brilliance, the future of WWE, & More ",Almost Athletes with Dude Perfect,5/13/2026 14:00:00,7/20/2026,102129,26414,16572,23013,75715,58820,70505,TRUE,1,0.8391,2,0.3688,-0.4703,3,0.3182,-0.0506,20,0.1313
11230,Bread Basket & Dude Perfect Rank EVERYTHING,Almost Athletes with Dude Perfect,5/20/2026 14:00:00,7/20/2026,117756,27262,16657,23957,90494,61424,80668,TRUE,1,0.8422,2,0.4494,-0.3928,3,0.3963,-0.0531,18,0.0974
11189,Yankees Legend Andy Pettitte on How Baseball Has Changed,Almost Athletes with Dude Perfect,4/29/2026 14:00:00,7/20/2026,78013,28962,18070,24883,49051,36191,45168,TRUE,1,0.7897,2,0.4057,-0.384,3,0.3753,-0.0304,25,0.089
11159,Tony Hawk on Skateboarding vs. Trick Shots + Sports Video Game Draft (with Dude Perfect),Almost Athletes with Dude Perfect,4/15/2026 14:00:00,7/20/2026,85920,28976,17768,23839,56944,44215,51603,TRUE,1,0.7935,2,0.4012,-0.3923,3,0.3896,-0.0116,24,0.0566
11098,Taylor Swift Loves Our Trick Shots?! (Brodie Smith x Dude Perfect),Almost Athletes with Dude Perfect,3/18/2026 14:00:00,7/20/2026,129797,30499,18065,24527,99298,40490,60585,TRUE,1,0.8087,2,0.4693,-0.3394,3,0.4314,-0.0379,23,0.0349
11109,Dude Perfect Wife REVEALS Airsoft Battle BTS Secrets,Almost Athletes with Dude Perfect,3/25/2026 14:00:00,7/20/2026,156585,30981,17807,24579,125604,96475,113918,TRUE,1,0.8599,2,0.4349,-0.425,3,0.3842,-0.0507,22,0.1115
11142,Dude Perfect RANKS Vanilla Ice Cream  ,Almost Athletes with Dude Perfect,4/8/2026 14:00:00,7/20/2026,117777,31082,17091,24015,86695,66150,76493,TRUE,1,0.8374,2,0.4644,-0.373,3,0.4207,-0.0437,21,0.1815
11130,Millennial vs Gen Z Guess The Athlete Game + Dude Perfect CEO BTS Secrets,Almost Athletes with Dude Perfect,4/1/2026 14:00:00,7/20/2026,121487,31653,17550,24662,89834,67192,78221,TRUE,1,0.8239,2,0.4511,-0.3728,3,0.3809,-0.0702,22,0.0734
11082,Zach King's Illusion Secrets REVEALED (With Dude Perfect),Almost Athletes with Dude Perfect,3/11/2026 14:00:00,7/20/2026,167090,32219,18494,25073,134871,68608,100177,TRUE,1,0.8575,2,0.4256,-0.4319,3,0.3894,-0.0362,20,0.039
11201,Dude Perfect Wives EXPOSE What Dads Don’t Understand!,Almost Athletes with Dude Perfect,5/6/2026 14:00:00,7/20/2026,155639,33068,18841,27575,122571,72626,100177,TRUE,1,0.8242,2,0.4803,-0.3439,3,0.4369,-0.0434,18,0.0514
11038,Dude Perfect Judges Epic Fan Sports Fails with NBA Announcer Noah Eagle,Almost Athletes with Dude Perfect,2/18/2026 15:00:00,7/20/2026,119310,33737,18929,25702,85573,63954,72750,TRUE,1,0.7943,2,0.5191,-0.2752,3,0.4758,-0.0433,23,0.0865
11051,Dude Perfect: Bobby Witt Jr. Ranks The Toughest Pitchers In Major League Baseball,Almost Athletes with Dude Perfect,2/25/2026 15:00:00,7/20/2026,130739,35297,19640,27103,95442,67987,80622,TRUE,1,0.8188,2,0.3819,-0.4369,3,0.3526,-0.0293,24,0.0197
11027,"Eli Manning on Super Bowl Wins, Favorite Sports Movies, Peyton Manning's Dancing & Texting",Almost Athletes with Dude Perfect,2/11/2026 15:00:00,7/20/2026,101251,35404,19202,26423,65847,50962,60167,TRUE,1,0.8037,2,0.4452,-0.3585,3,0.396,-0.0492,27,0.0726
11015,Klay Thompson Doesn’t Rank Himself A Top 5 NBA Shooter?! With Dude Perfect,Almost Athletes with Dude Perfect,2/4/2026 15:00:00,7/20/2026,166874,35816,18962,25807,131058,71691,104109,TRUE,1,0.8346,2,0.4251,-0.4095,3,0.3724,-0.0527,26,0.0707
10953,Dude Perfect Reveals BIG Plans for 2026,Almost Athletes with Dude Perfect,1/7/2026 15:00:00,7/20/2026,187470,37618,20083,27583,149852,85312,109974,TRUE,1,0.8325,2,0.4523,-0.3802,3,0.4137,-0.0386,23,0.0485
10981,Chris Pratt Trains Dude Perfect's Cody Jones for NBA Celebrity Game ,Almost Athletes with Dude Perfect,1/21/2026 15:00:00,7/20/2026,183053,37722,19270,27107,145331,97583,121193,TRUE,1,0.8763,2,0.4137,-0.4626,3,0.3679,-0.0458,19,0.0739
10966,Too Extreme for Dude Perfect?!  ,Almost Athletes with Dude Perfect,1/14/2026 15:00:00,7/20/2026,198224,38600,19816,27037,159624,55137,67060,TRUE,1,0.7392,2,0.4843,-0.2549,3,0.4607,-0.0236,25,0.0578
11066,Are Robots Taking Over?! Marques Brownlee x Dude Perfect,Almost Athletes with Dude Perfect,3/4/2026 15:00:00,7/20/2026,138666,38888,20980,29512,99778,63715,85048,TRUE,1,0.8523,2,0.4896,-0.3627,3,0.4349,-0.0547,29,0.0428
10997,"Dude Perfect: We Try Cereal With Weird Liquids, TASTE TEST",Almost Athletes with Dude Perfect,1/28/2026 15:00:00,7/20/2026,257786,41601,19645,28075,216185,73128,85018,TRUE,1,0.7819,2,0.5061,-0.2758,3,0.4333,-0.0728,26,0.1159
11153,"DeMarcus Ware Tells All: Cowboys Glory, Broncos Super Bowl Run & Hall of Fame Case",Fitz & Whit | Ryan Fitzpatrick & Andrew Whitworth,4/15/2026 10:00:00,7/20/2026,4949,3313,2870,3134,1636,1324,1553,TRUE,1,0.835,2,0.5735,-0.2615,3,0.5284,-0.0451,24,0.0397
11140,"The Miz Gets Real on WWE Stardom, John Cena's Legacy & Suffering as a Browns Fan",Fitz & Whit | Ryan Fitzpatrick & Andrew Whitworth,4/8/2026 10:00:00,7/20/2026,6405,3358,2900,3234,3047,2414,2820,TRUE,1,0.8978,2,0.4711,-0.4267,3,0.4356,-0.0355,27,0.0364
11169,"NFL Draft Preview: Ian Rapoport Talks Jeremiyah Love, Fernando Mendoza & Draft Rumors",Fitz & Whit | Ryan Fitzpatrick & Andrew Whitworth,4/21/2026 12:45:00,7/20/2026,13128,3829,3341,3681,9299,8870,9169,TRUE,1,0.8868,2,0.5297,-0.3571,3,0.5247,-0.005,23,0.0665
11095,"Lane Johnson on Eagles Offseason Moves, Staff Changes & Entering Year 14",Fitz & Whit | Ryan Fitzpatrick & Andrew Whitworth,3/18/2026 10:00:00,7/19/2026,19027,4219,3670,4110,14808,13697,14503,TRUE,1,0.912,2,0.5887,-0.3233,3,0.5149,-0.0738,10,0.0207
11125,Rams GM Les Snead Goes ALL IN on Super Bowl Run,Fitz & Whit | Ryan Fitzpatrick & Andrew Whitworth,4/1/2026 10:00:00,7/20/2026,18560,4234,3574,4078,14326,11575,13886,TRUE,1,0.9049,2,0.5288,-0.3761,3,0.509,-0.0198,15,0.0353
10963,"Bears STUN Packers, Bills Run Over Jaguars, Relentless Texans Defense & MORE | NFL Wild Card Recap",Fitz & Whit | Ryan Fitzpatrick & Andrew Whitworth,1/14/2026 11:00:00,7/20/2026,25117,4355,3910,4217,20762,20518,20665,TRUE,1,0.9415,2,0.5396,-0.4019,3,0.4833,-0.0563,19,0.1338
10955,"Amazon CEO Andy Jassy Unfiltered | State of NFL, New York Giants Future & MORE",Fitz & Whit | Ryan Fitzpatrick & Andrew Whitworth,1/9/2026 11:00:00,7/20/2026,8740,4434,3304,3826,4306,3137,3822,TRUE,1,0.9548,2,0.5837,-0.3711,3,0.4227,-0.161,21,0.0261
11106,"Greg Olsen on Christian McCaffrey’s Longevity, Miami Football’s Return & Tetairoa McMillan’s Future",Fitz & Whit | Ryan Fitzpatrick & Andrew Whitworth,3/25/2026 10:00:00,7/20/2026,8363,4449,3682,4162,3914,3227,3742,TRUE,1,0.8751,2,0.5776,-0.2975,3,0.5269,-0.0507,27,0.0763
10950,"Predicting NFL Playoffs Round 1 | Concern For Bills, Bears Packers Trilogy, Eagles Turnaround & MORE",Fitz & Whit | Ryan Fitzpatrick & Andrew Whitworth,1/7/2026 11:00:00,7/16/2026,32735,4473,4028,4363,28262,27724,28117,TRUE,1,0.945,2,0.5796,-0.3654,3,0.5212,-0.0584,17,0.0939
11013,"Al Michaels UNFILTERED | Patriots Path to Victory, ELITE Seattle Seahawks & Super Bowl Predictions",Fitz & Whit | Ryan Fitzpatrick & Andrew Whitworth,2/5/2026 11:00:00,7/20/2026,11526,4512,3883,4262,7014,6308,6678,TRUE,1,0.9172,2,0.5882,-0.329,3,0.531,-0.0572,18,0.0286
11007,"Matt Hasselbeck on Sam Darnold vs Drake Maye, What’s Wrong with Young QBs & Super Bowl Predictions",Fitz & Whit | Ryan Fitzpatrick & Andrew Whitworth,2/3/2026 11:00:00,7/20/2026,24750,4560,4103,4363,20190,18530,19406,TRUE,1,0.9229,2,0.5633,-0.3596,3,0.5479,-0.0154,21,0.076
10970,"Predicting NFL Playoffs Round 2 with Chris Long | Bills Over Broncos, 49ers vs Seahawks Pt 3 & MORE",Fitz & Whit | Ryan Fitzpatrick & Andrew Whitworth,1/15/2026 15:27:00,7/20/2026,4627,4627,4181,4496,,,,,,,,,,,,,,
10985,AFC Championship Preview with Brian Cushing | How Drake Maye & the Patriots Can Beat the Broncos,Fitz & Whit | Ryan Fitzpatrick & Andrew Whitworth,1/23/2026 11:00:00,7/20/2026,13970,4632,4077,4433,9338,8803,9098,TRUE,1,0.9446,2,0.5668,-0.3778,3,0.5477,-0.0191,18,0.0823
10978,"Championship Preview | Seahawks DOMINATE 49ers, Rams vs Bears THRILLER, Bills Heartbreak & MORE",Fitz & Whit | Ryan Fitzpatrick & Andrew Whitworth,1/21/2026 11:00:00,7/20/2026,24357,4643,4005,4334,19714,19345,19576,TRUE,1,0.9407,2,0.6247,-0.316,3,0.5567,-0.068,20,0.1006
11078,"Mike Evans to 49ers, Bills trade for DJ Moore, Geno Smith to Jets | Free Agency Reactions",Fitz & Whit | Ryan Fitzpatrick & Andrew Whitworth,3/11/2026 10:00:00,7/20/2026,16254,4742,3977,4536,11512,10355,11298,TRUE,1,0.939,2,0.6299,-0.3091,3,0.5647,-0.0652,15,0.0302
11023,Super Bowl Special | Seattle Seahawks DOMINATE New England Patriots,Fitz & Whit | Ryan Fitzpatrick & Andrew Whitworth,2/10/2026 11:00:00,7/20/2026,52719,4877,4066,4693,47842,36253,42477,TRUE,1,0.9399,2,0.6689,-0.271,3,0.6097,-0.0592,7,0.0238
11184,"NFL Draft Recap: Ty Simpson to LA Rams, Dexter Lawrence Trade & Biggest Surprises",Fitz & Whit | Ryan Fitzpatrick & Andrew Whitworth,4/29/2026 10:00:00,7/20/2026,16647,4892,3351,4260,11755,10652,11315,TRUE,1,0.9274,2,0.5671,-0.3603,3,0.4926,-0.0745,15,0.029
11003,Joe Brady REVEALS His Plans For the Future of the Buffalo Bills,Fitz & Whit | Ryan Fitzpatrick & Andrew Whitworth,1/31/2026 0:11:00,7/20/2026,59311,5433,4683,5131,53878,51468,52879,TRUE,1,0.9111,2,0.6737,-0.2374,3,0.6199,-0.0538,12,0.0471
11033,"Will Joe Burrow Leave, Maxx Crosby to Cincy, Bengals Draft BUSTS & MORE with Nick Lachey",Fitz & Whit | Ryan Fitzpatrick & Andrew Whitworth,2/16/2026 11:00:00,7/20/2026,29348,5529,4155,5272,23819,20639,23139,TRUE,1,0.9241,2,0.5537,-0.3704,3,0.4799,-0.0738,12,0.0374
11070,"Zac Taylor Breaks Down the Bengals Future, Joe Burrow’s Leadership & Building a Contender",Fitz & Whit | Ryan Fitzpatrick & Andrew Whitworth,3/5/2026 11:00:00,7/20/2026,25268,5546,4693,5288,19722,17396,18792,TRUE,1,0.8994,2,0.6427,-0.2567,3,0.5876,-0.0551,18,0.0547
10992,Can Joe Brady Lead the Buffalo Bills to a Super Bowl? | Plus Seahawks & Rams NFC Championship Recap,Fitz & Whit | Ryan Fitzpatrick & Andrew Whitworth,1/28/2026 11:00:00,7/20/2026,16856,5831,5170,5577,11025,10786,10952,TRUE,1,0.9314,2,0.5381,-0.3933,3,0.4637,-0.0744,22,0.1435
12882,"Love Island's Hottest Bombshells, Off Campus & Ilona's Fav Documentaries",House of Maher,7/14/2026 10:00:00,7/20/2026,31485,19934,19934,19934,11551,11551,11551,TRUE,1,0.8237,2,0.6439,-0.1798,3,0.5938,-0.0501,21,0.1197
11195,"Ilona Talks Weird Commenters, Zara Larsson & Mold Dogs with Victoria Paris",House of Maher,5/5/2026 10:00:00,7/20/2026,37391,25745,18647,23818,11646,7627,10320,TRUE,1,0.825,2,0.6446,-0.1804,3,0.6201,-0.0245,16,0.0868
12871,Crashout Recovery 101 with Olympic Gold Figure Skater Amber Glenn,House of Maher,7/7/2026 10:00:00,7/20/2026,59405,26277,23414,26277,33128,28896,33128,TRUE,1,0.8383,2,0.5508,-0.2875,3,0.5241,-0.0267,32,0.1093
11162,Ilona Talks Artemis II FOMO & Ice Planet Barbarians w/ a NASA Rocket Scientist,House of Maher,4/21/2026 10:00:00,7/20/2026,39537,27297,19983,24649,12240,8585,10941,TRUE,1,0.8438,2,0.6502,-0.1936,3,0.6114,-0.0388,19,0.076
11210,"Ilona on Women's Rugby Cuts, Bikini Inflation & Lesbian Fashion with Lauren Chan",House of Maher,5/12/2026 10:00:00,7/20/2026,40625,28462,20172,26498,12163,8455,10658,TRUE,1,0.812,2,0.5926,-0.2194,3,0.5577,-0.0349,17,0.0414
11091,"Sabalenka's Engagement, FX's Love Story & Dream Dates with Jake Pates",House of Maher,3/17/2026 10:00:00,7/20/2026,48952,29646,22217,26939,19306,13505,17294,TRUE,1,0.8185,2,0.5138,-0.3047,3,0.4776,-0.0362,25,0.0769
11121,Ilona's Green Flags & Rugby Confessions w/ Her Idol Portia Woodman-Wickliffe,House of Maher,3/31/2026 10:00:00,7/20/2026,45530,29867,21690,26968,15663,9326,11477,TRUE,1,0.8563,2,0.6155,-0.2408,3,0.5636,-0.0519,20,0.0323
11150,Ilona Humbles NFL Players & Talks Post-Olympic Blues with Mikaela Shiffrin,House of Maher,4/14/2026 10:00:00,7/20/2026,43486,30207,22687,27561,13279,9844,11967,TRUE,1,0.8259,2,0.5621,-0.2638,3,0.5217,-0.0404,21,0.0348
11857,"Ilona on Raising Your Standards, Plus Her Rugby BFFs TELL-ALL!",House of Maher,6/30/2026 10:00:00,7/20/2026,42874,30500,24080,30500,12374,9733,12374,TRUE,1,0.829,2,0.5383,-0.2907,3,0.4958,-0.0425,17,0.0559
11178,"BREAKING OUR SILENCE on Commando Controversy, Collab Breakup Posts & The Pitt",House of Maher,4/28/2026 10:00:00,7/20/2026,54051,31599,22138,28188,22452,13605,17931,TRUE,1,0.7291,2,0.5948,-0.1343,3,0.5697,-0.0251,23,0.0222
11075,Ilona Spills on Her Sports Illustrated Cover Shoot with Editor-in-Chief MJ Day,House of Maher,3/10/2026 10:00:00,7/20/2026,48034,32236,22746,28696,15798,10392,13261,TRUE,1,0.8468,2,0.5924,-0.2544,3,0.5626,-0.0298,20,0.0358
11035,"One Dark Window's Rachel Gillig: Bad Boys, Nightmares & Nihilistic Penguins",House of Maher,2/17/2026 11:00:00,7/20/2026,48962,32578,22697,28862,16384,10353,13488,TRUE,1,0.8051,2,0.5446,-0.2605,3,0.5284,-0.0162,16,0.0528
11135,"Bachelorette Rumors, WNBA Negotiations & The OG Gamechanger: Billie Jean King",House of Maher,4/7/2026 10:00:00,7/20/2026,46596,32789,23237,29403,13807,9690,12296,TRUE,1,0.818,2,0.63,-0.188,3,0.6067,-0.0233,13,0.0502
11289,Are You Cringe or Are You Free? with Grace Helbig,House of Maher,6/23/2026 10:00:00,7/20/2026,59226,33509,26698,33509,25717,18281,25717,TRUE,1,0.7598,2,0.5585,-0.2013,3,0.5418,-0.0167,22,0.0779
10989,"Becca Bastos: Us in 2016, Singles Cruises & Making Men Read Aloud",House of Maher,1/27/2026 11:00:00,7/20/2026,48011,33710,23661,29428,14301,8255,11005,TRUE,1,0.7142,2,0.4625,-0.2517,3,0.4452,-0.0173,35,0.0806
11277,Inside The Pitt: Nurse Ilona & Shabana Azeez Compare Notes,House of Maher,6/16/2026 10:00:00,7/20/2026,50495,33903,25627,33442,16592,12648,16479,TRUE,1,0.8235,2,0.5759,-0.2476,3,0.5724,-0.0035,34,0.0908
11225,"Inside Heated Rivalry: Author Rachel Reid Shares Show Gossip, Her Fav Books & More",House of Maher,5/19/2026 10:00:00,7/20/2026,110321,34931,23838,32350,75390,45164,62099,TRUE,1,0.8474,2,0.5507,-0.2967,3,0.5158,-0.0349,21,0.1222
11061,"Team USA's Hilary Knight: The Win, The Scandals & Her Real-Life Heated Rivalry",House of Maher,3/3/2026 11:00:00,7/20/2026,66470,35560,25308,31258,30910,23272,28122,TRUE,1,0.8477,2,0.6453,-0.2024,3,0.5823,-0.063,23,0.0975
11049,"ANSWERING YOUR QUESTIONS! Our Craziest Fights, Notes App Reveals & TBR Lists",House of Maher,2/25/2026 17:23:00,7/20/2026,62756,36623,24243,30859,26133,15990,20115,TRUE,1,0.7834,2,0.6387,-0.1447,3,0.609,-0.0297,30,0.1118
11249,Love Island's Olandria: From Villa Bombshell to Runway It Girl,House of Maher,6/2/2026 10:00:00,7/20/2026,75377,37287,28288,35488,38090,29205,36437,TRUE,1,0.8542,2,0.5273,-0.3269,3,0.4578,-0.0695,38,0.1081
11006,"Kelsey Anderson: Wedding Updates, Baby Names & Ilona on The Bachelor?!",House of Maher,2/3/2026 11:00:00,7/20/2026,71264,37374,24732,31890,33890,22031,30966,TRUE,1,0.8008,2,0.5652,-0.2356,3,0.5504,-0.0148,24,0.0924
11022,"Milan Olympics, Biscoff Cheesecake & Calling Each Other Out",House of Maher,2/10/2026 11:00:00,7/20/2026,64698,37625,25644,33317,27073,17491,23370,TRUE,1,0.7866,2,0.5849,-0.2017,3,0.5627,-0.0222,23,0.0643
11103,"Inside Bridgerton: Author Julia Quinn on Fame, Shonda & Real-Life Gen Z Princesses",House of Maher,3/24/2026 10:00:00,7/20/2026,68157,38807,27320,34499,29350,20808,26934,TRUE,1,0.8111,2,0.5696,-0.2415,3,0.5235,-0.0461,23,0.0402
11262,Ilona's Ready to Have Kids?! We're in a Crush Drought & Reacting to Noah Kahan,House of Maher,6/9/2026 10:00:00,7/20/2026,67103,39053,28136,37593,28050,18334,26946,TRUE,1,0.771,2,0.6195,-0.1515,3,0.5853,-0.0342,22,0.0719
10940,"Chelsea Handler: Casino Encounters, Childfree Christmas & How to Handle Broke Boys",House of Maher,1/6/2026 11:00:00,7/20/2026,77916,39886,25047,32417,38030,20583,29664,TRUE,1,0.81,2,0.6249,-0.1851,3,0.5899,-0.035,8,0.0273
10975,"Jameela Jamil: $45 Debloat Tea, ""Lower Lip Filler"" & First Kiss Flops ",House of Maher,1/20/2026 11:00:00,7/20/2026,74148,43900,27595,35061,30248,19090,24174,TRUE,1,0.8864,2,0.5721,-0.3143,3,0.5491,-0.023,19,0.0572
10960,"Emily Henry: Irish Exits, Midwest Goodbyes & PEOPLE WE MEET ON VACATION!",House of Maher,1/13/2026 11:00:00,7/20/2026,85169,45258,29201,37312,39911,26925,33926,TRUE,1,0.8277,2,0.5331,-0.2946,3,0.5125,-0.0206,15,0.05
11239,"Hannah Berner: What Amy Poehler, Nikki Glaser & Chelsea Handler Taught Her About Comedy",House of Maher,5/26/2026 10:00:00,7/20/2026,129129,55301,38243,51364,73828,45521,66703,TRUE,1,0.7594,2,0.5868,-0.1726,3,0.5638,-0.023,17,0.0929
11469,Flat Back Music: Motherf*ckin Mini Episode (RE-RELEASE),My Momma Told Me,1/29/2026 15:56:35,7/20/2026,151,151,0,0,,,,,,,,,,,,,,
11511,Human DNA in Hotdogs: Motherf*ckin Mini Episode (RE-RELEASE),My Momma Told Me,1/22/2026 8:00:00,7/20/2026,154,154,0,0,,,,,,,,,,,,,,
11648,Pigeons Are The Feds (with SushiboyMEXICO) RE-RELEASE,My Momma Told Me,1/15/2026 20:00:00,7/20/2026,167,167,0,0,,,,,,,,,,,,,,
11548,Kevin Durant's BlackPlanet Page: A Dramatic Brown Eyes Reading (with Shapel Lacey),My Momma Told Me,1/8/2026 8:00:00,7/20/2026,189,189,0,0,,,,,,,,,,,,,,
11798,Tris N' Chips (with Tristen J. Winger) RE-RELEASE,My Momma Told Me,3/26/2026 7:29:04,7/20/2026,193,193,0,0,,,,,,,,,,,,,,
11383,Certified Actor Boy: Motherf*ckin Mini Episode (RE-RELEASE),My Momma Told Me,3/19/2026 4:00:00,7/20/2026,198,198,0,0,,,,,,,,,,,,,,
11656,Porn Sites are Secretly Photographing Users (with Clark Jones) ,My Momma Told Me,1/27/2026 8:00:00,7/20/2026,207,207,0,0,,,,,,,,,,,,,,
11610,NBA Magic Tricks (with Josiah Johnson) RE-RELEASE,My Momma Told Me,2/19/2026 8:55:00,7/20/2026,223,223,0,0,,,,,,,,,,,,,,
11829,What's Wrong with These Kids (with Keon Polee),My Momma Told Me,1/13/2026 8:00:00,7/20/2026,226,226,0,0,,,,,,,,,,,,,,
11733,The DeBarge Effect (with Kevin Avery) RE-RELEASE,My Momma Told Me,4/9/2026 7:00:00,7/20/2026,244,244,0,0,,,,,,,,,,,,,,
11463,"Find the Epstein Files, Cancel Love Island (with Langston Kerman and David Gborie) RE-RELEASE",My Momma Told Me,2/5/2026 5:00:00,7/20/2026,249,249,0,0,,,,,,,,,,,,,,
11441,Don't Split the Pole and Leave the Slang to E-40 (with Bruce Bruce),My Momma Told Me,3/3/2026 8:00:00,7/20/2026,251,251,0,0,,,,,,,,,,,,,,
11506,Hollow Earth (with Chinedu Unaka) RE-RELEASE,My Momma Told Me,3/12/2026 7:00:00,7/20/2026,255,255,0,0,,,,,,,,,,,,,,
11435,Dogs Can Sense Racism and Trump is Segregating Schools (with Yassir Lester),My Momma Told Me,1/20/2026 8:00:00,7/20/2026,266,266,0,0,,,,,,,,,,,,,,
11678,Robots are Racist (with Brett Gray),My Momma Told Me,2/24/2026 9:39:55,7/20/2026,267,267,0,0,,,,,,,,,,,,,,
11759,The Mandela Effect Got Us! (with Garrick Bernard) RE-RELEASE,My Momma Told Me,4/2/2026 7:00:00,7/20/2026,281,281,0,0,,,,,,,,,,,,,,
11584,Michael Jackson’s Plastic Surgeries (with Rob Haze) RE-RELEASE,My Momma Told Me,3/5/2026 8:00:00,7/20/2026,283,283,0,0,,,,,,,,,,,,,,
11636,Old Men Give You Worms (with Langston and David),My Momma Told Me,3/31/2026 11:18:01,7/20/2026,290,290,0,0,,,,,,,,,,,,,,
11430,Did Sony Kill Michael Jackson (with Shapel Lacey),My Momma Told Me,1/6/2026 8:00:00,7/20/2026,303,303,0,0,,,,,,,,,,,,,,
11299,45 Minutes of Not A Goddamn Thing Motherf_ckin Mini Episode (Re-Release) ,My Momma Told Me,4/30/2026 18:36:06,7/20/2026,308,308,0,0,,,,,,,,,,,,,,
11773,The Right Ear is the Gay Ear (with Vinny Thomas) RE-RELEASE,My Momma Told Me,4/23/2026 14:34:17,7/20/2026,320,320,0,0,,,,,,,,,,,,,,
11769,The Real COVID (with Ali Siddiq),My Momma Told Me,2/17/2026 8:00:00,7/20/2026,322,322,0,0,,,,,,,,,,,,,,
11808,Uncle Ruckus' Favorite Conspiracy Theories with (Gary Anthony Williams),My Momma Told Me,2/3/2026 8:00:00,7/20/2026,333,333,0,0,,,,,,,,,,,,,,
11406,"Crockpot Salmonella Soup, White People Still Can't Cook (with Dulce Sloan) ",My Momma Told Me,2/10/2026 8:00:00,7/20/2026,346,346,0,0,,,,,,,,,,,,,,
11811,Underwater Freaknick in ATL Atlantis (with Angel McCoughtry),My Momma Told Me,4/14/2026 7:00:00,7/20/2026,352,352,0,0,,,,,,,,,,,,,,
11578,Mattress Firms Are Drug Fronts (with Langston Kerman and David Gborie),My Momma Told Me,4/16/2026 7:00:00,7/20/2026,360,360,0,0,,,,,,,,,,,,,,
11432,Dinosaurs Are Probably Fake (with Cedric Yarbrough),My Momma Told Me,2/27/2026 1:47:05,7/20/2026,402,402,0,0,,,,,,,,,,,,,,
11770,There Are No Dinosaurs (with Kanisha Buss),My Momma Told Me,3/24/2026 7:00:00,7/20/2026,419,419,0,0,,,,,,,,,,,,,,
11681,Russian Bots are Tearing Apart Black America (with Kerry Coddett) ,My Momma Told Me,5/12/2026 8:26:50,7/20/2026,473,473,0,0,,,,,,,,,,,,,,
11764,The Moon Landing was Fake (with Larry Wilmore),My Momma Told Me,4/21/2026 8:08:07,7/20/2026,480,480,0,0,,,,,,,,,,,,,,
11788,They Already Soft Launched Aliens (with Mel Mitchell),My Momma Told Me,4/28/2026 8:00:00,7/20/2026,490,490,0,0,,,,,,,,,,,,,,
11392,Cloning Celebrities (with Nicole Byer) ,My Momma Told Me,4/7/2026 7:00:00,7/20/2026,517,517,0,0,,,,,,,,,,,,,,
11646,Pfizer & John Legend Are Conspiring! (with Langston Kerman and David Gborie) Re-Release,My Momma Told Me,5/7/2026 14:39:12,7/20/2026,534,534,0,0,,,,,,,,,,,,,,
11615,"New Year, New Black-Eyed Peas (with Monét X Change) RE-RELEASE",My Momma Told Me,5/21/2026 11:29:50,7/20/2026,559,559,0,0,,,,,,,,,,,,,,
11735,The Epstein Files Ruined Conspiracy Theories (with Deante Kyle + Big Ice Cup Kat),My Momma Told Me,3/17/2026 7:00:00,7/20/2026,563,563,0,0,,,,,,,,,,,,,,
11557,Legal Weed is a Scam (with Luenell),My Momma Told Me,5/5/2026 7:00:00,7/20/2026,570,570,0,0,,,,,,,,,,,,,,
11544,Jesus is Magic (with Sam Jay + Keith Johnson),My Momma Told Me,5/19/2026 7:00:00,7/20/2026,627,627,0,0,,,,,,,,,,,,,,
11638,Only Black People Are In the Illuminati (with Jemele Hill) RERELEASE,My Momma Told Me,5/14/2026 13:53:48,7/20/2026,729,729,0,0,,,,,,,,,,,,,,
11832,Where is Obama Storing the Aliens? (with Courtney Bee),My Momma Told Me,3/10/2026 7:00:00,7/20/2026,803,803,0,0,,,,,,,,,,,,,,
11551,Kids See Ghosts and Also Predators (with Kid Fury) (1),My Momma Told Me,5/28/2026 18:08:46,7/20/2026,1175,1175,0,308,,,,,,,,,,,,,,
11677,Robots are Evil (with Janelle James),My Momma Told Me,6/2/2026 7:00:00,7/20/2026,1181,1181,0,560,,,,,,,,,,,,,,
11434,Does Brushing Your Teeth Make You Gay (with Bob the Drag Queen),My Momma Told Me,5/26/2026 12:20:26,7/20/2026,1296,1296,0,233,,,,,,,,,,,,,,
11806,Tyler Perry is the Devil!! (with Sydnee Washington) RERUN,My Momma Told Me,6/4/2026 7:00:00,7/20/2026,1433,1433,0,771,,,,,,,,,,,,,,
11813,Vegetables Don't Exist (with Langston and David),My Momma Told Me,6/9/2026 7:00:00,7/20/2026,1527,1527,0,1162,,,,,,,,,,,,,,
11746,The Interracial Agenda in Commercials (with Yassir & Isaiah Lester),My Momma Told Me,6/11/2026 7:00:00,7/20/2026,2579,2579,0,2015,,,,,,,,,,,,,,
11310,All R&B Singers Are Scumbags (the Last Episode...For Now.),My Momma Told Me,6/16/2026 7:00:00,7/20/2026,3237,3237,0,3066,,,,,,,,,,,,,,
11394,Coach Dr. Umar’s School of Black Excellence (with Langston and David),My Momma Told Me,6/23/2026 7:00:00,7/20/2026,8899,8899,5614,8899,,,,,,,,,,,,,,
12883,Neuralink Chips with the Dip (w/ Del Amo Manny),My Momma Told Me,7/14/2026 7:00:00,7/20/2026,14415,14415,14415,14415,,,,,,,,,,,,,,
12872,Old MacSilicon Had a Data Farm (w/ Will Miles),My Momma Told Me,7/7/2026 7:00:00,7/20/2026,16144,16144,14724,16144,,,,,,,,,,,,,,
11860,Fish Dreams and Nightmares (with Mandal),My Momma Told Me,6/30/2026 21:12:00,7/20/2026,17595,17595,14865,17595,,,,,,,,,,,,,,
11854,A New Heights Father’s Day ft. Best Fictional Dads & Bonus Dad Stories From Our Guests | Bonus EP,New Heights with Jason and Travis Kelce,6/26/2026 10:00:00,7/19/2026,187968,187968,157799,187968,,,,,,,,,,,,,,
11247,"Heights Hotline | Travis Fashion Advice, Ohio’s New Slogan and Weird Childhood Beliefs ",New Heights with Jason and Travis Kelce,5/29/2026 10:00:00,7/19/2026,233323,233323,180648,227008,,,,,,,,,,,,,,
11291,Julie & Zach Ertz on World Cup and real football & Johnny Knoxville on his Jackass' legacy | EP 196,New Heights with Jason and Travis Kelce,6/24/2026 10:00:00,7/19/2026,242660,242660,202763,242660,,,,,,,,,,,,,,
11859,"George Kittle on Tight End Respect, Mike Evans on the 49ers, F*ck Dallas Shirt & TEU Recap | EP 197",New Heights with Jason and Travis Kelce,7/1/2026 10:00:00,7/19/2026,250000,250000,204191,250000,,,,,,,,,,,,,,
11190,Listen Now: Mind the Game - The Stephen Curry Interview,New Heights with Jason and Travis Kelce,5/1/2026 10:00:00,7/19/2026,250154,250154,198271,239809,,,,,,,,,,,,,,
11174,"Jeff Stoutland on Leaving Philly, Evaluating Lineman & A Legendary Eagles Roundtable | Bonus EP",New Heights with Jason and Travis Kelce,4/24/2026 10:00:00,7/19/2026,256482,256482,213944,248479,,,,,,,,,,,,,,
11278,"Live in LA with Will Ferrell, Alex Morgan, Kelley O'Hara, Myles Garrett & Andrew Whitworth | EP 195",New Heights with Jason and Travis Kelce,6/17/2026 10:00:00,7/19/2026,259114,259114,207243,257723,,,,,,,,,,,,,,
11166,"NFL Draft Preview, New Additions & Why Charlize Theron Loves Stunts, Serial Killers & More | EP 188",New Heights with Jason and Travis Kelce,4/22/2026 10:00:00,7/19/2026,262925,262925,226497,254648,,,,,,,,,,,,,,
11226,"Chiefs Schedule Reactions, Taking Back Football Sundays & Mascot Fights | Ep 192",New Heights with Jason and Travis Kelce,5/20/2026 10:00:00,7/19/2026,266319,266319,209190,258541,,,,,,,,,,,,,,
11117,"Heights Hotline | Ohio’s Worst Drivers, College Advice, and Beard Maintenance ",New Heights with Jason and Travis Kelce,3/27/2026 10:00:00,7/19/2026,267673,267673,221386,258453,,,,,,,,,,,,,,
11181,"NFL Draft Recap & Blake Griffin on NBA Playoffs, Retirement, Kobe Stories, Lob City & More | Ep 189",New Heights with Jason and Travis Kelce,4/29/2026 10:00:00,7/19/2026,269877,269877,219957,260758,,,,,,,,,,,,,,
11869,"Prince William on England's World Cup, Travis at Wembley, NFL in the UK & America's 250th | Bonus EP",New Heights with Jason and Travis Kelce,7/3/2026 16:00:00,7/19/2026,277644,277644,231009,277644,,,,,,,,,,,,,,
11058,"Heights Hotline | Terrible Dating Advice For Kids, Modern Inconveniences, and Revoking Man Cards",New Heights with Jason and Travis Kelce,2/27/2026 11:00:00,7/19/2026,290600,290600,234093,278222,,,,,,,,,,,,,,
11152,"Ballpark Food Debate, Masters Recap & Troy Aikman on NFL QB Play, Drafting Mendoza & More | Ep 187",New Heights with Jason and Travis Kelce,4/15/2026 10:00:00,7/19/2026,294956,294956,241728,284325,,,,,,,,,,,,,,
11000,"Heights Hotline | Surviving Super Bowl Hoopla, Keep Sake Jock Straps and How to Stay Locked In",New Heights with Jason and Travis Kelce,1/30/2026 11:00:00,7/19/2026,298352,298352,239528,284954,,,,,,,,,,,,,,
12874,"Tom Brady on Favorite Super Bowl, Kelce v Gronk, Belichick Debate & Why the NFL is Hard | EP 198",New Heights with Jason and Travis Kelce,7/8/2026 10:00:00,7/19/2026,299317,299317,254635,299317,,,,,,,,,,,,,,
11141,"Jim Nantz on The Masters, John Daly's Guide to Life, Moon Eras, TikTok Algorithms & More | Ep 186",New Heights with Jason and Travis Kelce,4/8/2026 10:00:00,7/19/2026,302382,302382,243300,291070,,,,,,,,,,,,,,
11108,"Flag Football, Poop Dolla Legacy & Worst Jobs w/ Adam Devine, Blake Anderson & Anders Holm | Ep 184",New Heights with Jason and Travis Kelce,3/25/2026 10:00:00,7/19/2026,303683,303683,250085,290204,,,,,,,,,,,,,,
11240,"Courtside in CLE, Tina Fey on Manspreading, Nate Bargatze on Nashville Super Bowl & More | EP 193",New Heights with Jason and Travis Kelce,5/27/2026 10:00:00,7/19/2026,303970,303970,232709,294232,,,,,,,,,,,,,,
11251,"Myles Garrett & AJ Brown Got Traded, Caleb Williams on Madden Cover, Da Bears & Shirtless Ben Johnson | EP 194",New Heights with Jason and Travis Kelce,6/3/2026 10:00:00,7/19/2026,314213,314213,226654,306600,,,,,,,,,,,,,,
11062,"Randy Moss on Cowboys Revenge Game,  Edelnut Origins, Wideout Woes & an All Dog NFL Team | EP 181",New Heights with Jason and Travis Kelce,3/4/2026 11:00:00,7/19/2026,326367,326367,248239,308709,,,,,,,,,,,,,,
11122,"Jon Hamm on Meme Life,  Busted Brackets, Masters Dinner Debate & A New Bearcat in Town | Ep 185",New Heights with Jason and Travis Kelce,4/1/2026 10:00:00,7/19/2026,326463,326463,251013,309858,,,,,,,,,,,,,,
11212,"NFL Schedule Predictions & Colin Jost on SNL Finale, Joke Swaps and Life as the Plus One | Ep 191",New Heights with Jason and Travis Kelce,5/13/2026 10:00:00,7/19/2026,326512,326512,251689,314592,,,,,,,,,,,,,,
11048,"Kylie's Husband at the Olympics & Chris Stapleton on Anthem Tears, Drinkin' Whiskey, & More | Ep 180",New Heights with Jason and Travis Kelce,2/25/2026 11:00:00,7/19/2026,329588,329588,268672,313957,,,,,,,,,,,,,,
11198,"Kylie's Perfect Mother's Day & Rory McIlroy on Masters Win, Shrink The Game & Golf Dad Tips | Ep 190",New Heights with Jason and Travis Kelce,5/6/2026 10:00:00,7/19/2026,338466,338466,256889,323949,,,,,,,,,,,,,,
10991,"Michael Strahan on Championship Sunday, Super Bowl Predictions, Sack Records and Life After the NFL | EP 177",New Heights with Jason and Travis Kelce,1/28/2026 11:02:00,7/19/2026,340905,340905,279781,324767,,,,,,,,,,,,,,
11096,"Final Four Picks & Ryan Gosling on Project Hail Mary, Diva Puppets & Being a Liability at DB | Ep 183",New Heights with Jason and Travis Kelce,3/18/2026 10:00:00,7/19/2026,347505,347505,276597,329887,,,,,,,,,,,,,,
11009,"Julian Edelman & Cooper Kupp on Super Bowl 60, NFL Beauty Pageants, and Burger Flipping OCs | EP 178",New Heights with Jason and Travis Kelce,2/4/2026 11:00:00,7/19/2026,378136,378136,293232,357317,,,,,,,,,,,,,,
10976,"Bills New Coach, Championship Preview, Wedding Advice & The New Era of TEs with Greg Olsen | EP 176",New Heights with Jason and Travis Kelce,1/21/2026 11:00:00,7/19/2026,379995,379995,304169,359701,,,,,,,,,,,,,,
11026,Cooper Kupp and AJ Barner Are Super Bowl Champs & Drew Brees Talks Hall of Fame | EP 179,New Heights with Jason and Travis Kelce,2/11/2026 11:00:00,7/19/2026,391999,391999,282922,370552,,,,,,,,,,,,,,
11080,"Travis' Return, Mama Kelce Renovates & Conan O’Brien on Oscars Prep, Favorite Jokes & More | EP 182",New Heights with Jason and Travis Kelce,3/11/2026 10:00:00,7/19/2026,408221,408221,311910,382565,,,,,,,,,,,,,,
10961,"Coaching Changes, Wildcard Recap & Jameis Winston on Giants Rookies, QB Celibacy & TD Catches | EP 175",New Heights with Jason and Travis Kelce,1/14/2026 11:00:00,7/19/2026,418832,418832,332477,394929,,,,,,,,,,,,,,
10948,"Offseason Plans, Wildcard Preview & Matt Damon on Brady, Affleck Bromance & Career Odyssey | EP 174",New Heights with Jason and Travis Kelce,1/7/2026 11:00:00,7/19/2026,424898,424898,325548,398577,,,,,,,,,,,,,,
11186,"Kylie  & Brenda Song on Starring in Jason’s Western, Being Disney Adults & Macaulay’s Re-Proposal | Ep. 65",Not Gonna Lie with Kylie Kelce,4/30/2026 10:00:00,7/20/2026,365622,231445,173851,213890,134177,100264,124234,TRUE,1,0.8341,2,0.6227,-0.2114,3,0.6038,-0.0189,27,0.0925
11158,"Kylie on Her Childhood Celeb Crushes, Giving Teens “The Talk” & Artemis II Mission Goes Philly w/ Elizabeth Banks | Ep. 63",Not Gonna Lie with Kylie Kelce,4/16/2026 10:00:00,7/20/2026,333274,233271,177406,216477,100003,75791,93480,TRUE,1,0.8595,2,0.6664,-0.1931,3,0.6426,-0.0238,25,0.0526
11555,"Kylie & Jason on Their Most “Toxic Traits,” Girl Dad Glow Ups & Singing Pirate Shanty Lullabies | Ep. 72",Not Gonna Lie with Kylie Kelce,6/25/2026 10:30:00,7/20/2026,538263,234171,176947,234171,304092,226393,304092,TRUE,1,0.8366,2,0.5674,-0.2692,3,0.5373,-0.0301,29,0.0386
11202,"Kylie's Mom Makes First-Ever Appearance, Being a Jeopardy! Clue & Funniest Bennie Story Ever | Ep. 66",Not Gonna Lie with Kylie Kelce,5/7/2026 10:00:00,7/20/2026,405004,235333,170291,217491,169671,123842,153528,TRUE,1,0.8367,2,0.6808,-0.1559,3,0.6377,-0.0431,26,0.0436
11233,"Kylie & Astronaut Christina on Flying To The Moon, Life On Other Planets & Cat in Kelce House | Ep. 68",Not Gonna Lie with Kylie Kelce,5/21/2026 10:00:00,7/20/2026,390859,239250,163914,225788,151609,118548,145899,TRUE,1,0.8386,2,0.5538,-0.2848,3,0.5127,-0.0411,28,0.2465
11171,"Kylie on “Cowboy Jason” Thirst Trap, Why She Won’t Allow Sleepovers & Bennie Starting School | Ep. 64",Not Gonna Lie with Kylie Kelce,4/23/2026 10:00:00,7/20/2026,435964,240677,179493,222977,195287,147560,179923,TRUE,1,0.8474,2,0.6372,-0.2102,3,0.6117,-0.0255,28,0.0489
11144,"Kylie & Meghan Trainor on Ultimate Toddler Tantrum Hack, Keeping The Spark Alive & Surrogacy Reality | Ep. 62",Not Gonna Lie with Kylie Kelce,4/9/2026 10:00:00,7/20/2026,372619,242482,183521,224493,130137,102192,123165,TRUE,1,0.8525,2,0.6778,-0.1747,3,0.6301,-0.0477,33,0.0503
11258,"Kylie SOLO on Why She Doesn't Wear Bikinis Anymore, Ellie Covered In Butt Paste & Beating Jason at Golf | Ep. 69",Not Gonna Lie with Kylie Kelce,6/4/2026 10:00:00,7/20/2026,371017,245090,178352,233502,125927,102150,120233,TRUE,1,0.8595,2,0.6471,-0.2124,3,0.5988,-0.0483,24,0.0572
11284,"Kylie & Kevin Hart on Their 5-Year Grudge, FAFO Parenting, Eagles Fan Jail & Kylie's Dad Cameo | Ep. 71",Not Gonna Lie with Kylie Kelce,6/18/2026 10:00:00,7/20/2026,427792,251575,190118,249774,176217,152314,176217,TRUE,1,0.8563,2,0.5839,-0.2724,3,0.4933,-0.0906,22,0.0994
11867,"Kylie & Ilona Maher on Disneyland Paris Magic, “Bikini Bodies” & Olympic Village Love Island | Ep. 73",Not Gonna Lie with Kylie Kelce,7/2/2026 10:00:00,7/20/2026,396660,260372,188682,260372,136288,113612,136288,TRUE,1,0.8495,2,0.5775,-0.272,3,0.5397,-0.0378,19,0.0413
11039,"Kylie & Jason on Olympic Proposals, Gold Medal Games & Tiramisu-Off w/ Laila Edwards, Breezy Johnson | Ep. 55",Not Gonna Lie with Kylie Kelce,2/19/2026 11:00:00,7/20/2026,521384,264543,200522,243759,256841,223653,246868,TRUE,1,0.8645,2,0.5959,-0.2686,3,0.5543,-0.0416,16,0.0433
11043,"Kylie & Mikaela Shiffrin on Looking Like Twins, “Back Abs,” & Figure Skating Greatness w/ Johnny Weir & Tara Lipinski | Ep. 56",Not Gonna Lie with Kylie Kelce,2/22/2026 11:00:00,7/20/2026,545014,265654,199265,242420,279360,231359,261742,TRUE,1,0.8642,2,0.4894,-0.3748,3,0.4577,-0.0317,24,0.0467
11270,"Kylie & Millie Bobby Brown on Her Adoption Journey, Grieving ‘Stranger Things’ & Worst Mom Shamers | Ep. 70",Not Gonna Lie with Kylie Kelce,6/11/2026 10:00:00,7/20/2026,486175,267636,196335,258568,218539,156818,209193,TRUE,1,0.8471,2,0.5475,-0.2996,3,0.51,-0.0375,22,0.1927
11218,"Kylie & Hilary Duff on SI Swimsuit Cover Tea, Home Birth Tell-All & Caught By The Paparazzi | Ep. 67",Not Gonna Lie with Kylie Kelce,5/14/2026 10:00:00,7/20/2026,440001,270516,180222,247850,169485,133355,160198,TRUE,1,0.8559,2,0.5777,-0.2782,3,0.5387,-0.039,27,0.0864
10983,"Kylie on Strong Kelce Glutes, Gross Toddler Habits & Courtside Shirley Temples w/ Paige Bueckers | Ep. 51",Not Gonna Lie with Kylie Kelce,1/22/2026 11:00:00,7/20/2026,474867,273645,193358,246649,201222,153809,177801,TRUE,1,0.8984,2,0.6523,-0.2461,3,0.6107,-0.0416,32,0.1379
11128,"Kylie on Shocking Fan Gifts, Karaoke Bangers & Helping A Couple Get Engaged w/ Caleb Hearon | Ep. 61",Not Gonna Lie with Kylie Kelce,4/2/2026 10:00:00,7/20/2026,465682,275571,202725,253112,190111,130049,172856,TRUE,1,0.8345,2,0.607,-0.2275,3,0.5744,-0.0326,27,0.0759
10998,"Kylie on Wyatt Kelce Mittens Debacle, Snow Day vs Zoom School & Saying ""I Love You"" First | Ep. 52",Not Gonna Lie with Kylie Kelce,1/29/2026 11:00:00,7/20/2026,474099,278820,195129,254040,195279,154354,184600,TRUE,1,0.9071,2,0.6784,-0.2287,3,0.6314,-0.047,26,0.0318
11110,"Kylie on 1 Year Postpartum with Finn, “Are You Trying For A Boy?” & Crazy Delivery Room Stories w/ OBGYN | Ep. 60",Not Gonna Lie with Kylie Kelce,3/26/2026 10:00:00,7/20/2026,499840,282393,205270,257727,217447,168751,194807,TRUE,1,0.8557,2,0.6503,-0.2054,3,0.597,-0.0533,32,0.0259
10968,"Kylie & Demi Lovato on Wild Jonas Reunion, Manifesting Super Bowl Halftime & Swag Gap Marriages | Ep. 50",Not Gonna Lie with Kylie Kelce,1/15/2026 11:00:00,7/20/2026,486610,290627,208984,261964,195983,155156,184648,TRUE,1,0.8465,2,0.5986,-0.2479,3,0.5794,-0.0192,22,0.0969
11028,"Kylie on Her “Feral” College Era, Beef with Dwyane Wade & ""Playing Tinder"" In The Dorms | Ep. 54",Not Gonna Lie with Kylie Kelce,2/12/2026 11:00:00,7/20/2026,667195,301185,223881,275728,366010,282666,327113,TRUE,1,0.8648,2,0.6591,-0.2057,3,0.6018,-0.0573,39,0.0768
11069,"Kylie on WORST Things To Say To Women, Uncle Trav's Otters & Baby Scouting Report w/ Mina Kimes | Ep. 58",Not Gonna Lie with Kylie Kelce,3/5/2026 11:00:00,7/20/2026,457350,304863,208693,269408,152487,118222,141457,TRUE,1,0.8926,2,0.6386,-0.254,3,0.5871,-0.0515,20,0.0635
11085,"Kylie & Meredith Gaudreau on Johnny's Olympic Tribute, Raising Hockey Kids & Reality of Grief | Ep. 59",Not Gonna Lie with Kylie Kelce,3/12/2026 10:00:00,7/20/2026,569256,318941,220833,290219,250315,199381,233641,TRUE,1,0.8637,2,0.5663,-0.2974,3,0.495,-0.0713,31,0.1477
11053,"Kylie & Jennifer Garner on ‘13 Going On 30’ Sequel, Bennie's 3rd Bday & Ode To Team USA Women | Ep. 57",Not Gonna Lie with Kylie Kelce,2/26/2026 11:00:00,7/20/2026,571623,322048,219717,283095,249575,197142,230659,TRUE,1,0.8852,2,0.6774,-0.2078,3,0.5781,-0.0993,26,0.0932
11019,"Kylie & Travis on Babysitting The Kelce Girls, Couples Group Chat & Best Man Speeches | Ep. 53",Not Gonna Lie with Kylie Kelce,2/6/2026 12:45:00,7/20/2026,2054926,499372,326351,433860,1555554,1118958,1328570,TRUE,1,0.822,2,0.6283,-0.1937,3,0.6353,0.007,34,0.0674
12891,Crip Mac Teaches Dax Flame How to Survive Prison,Open Thoughts with Funny Marco,7/17/2026 16:00:00,7/20/2026,565,565,565,565,,,,,,,,,,,,,,
12885,Magician Justin Willman Broke Marco's Brain,Open Thoughts with Funny Marco,7/14/2026 18:05:00,7/20/2026,50439,883,883,883,49556,49556,49556,TRUE,1,0.9087,2,0.7274,-0.1813,3,0.6041,-0.1233,26,0.0741
11036,"Micah Parsons Calls Out Skip Bayless, Challenges Tyrese Maxey & Shares Wild Fan Stories",Open Thoughts with Funny Marco,2/17/2026 17:00:00,7/20/2026,93088,1147,725,931,91941,66137,85424,TRUE,1,0.9105,2,0.6759,-0.2346,3,0.594,-0.0819,22,0.0263
11077,Marco Snitches on Lola Brooke Robbing Walmart,Open Thoughts with Funny Marco,3/10/2026 16:00:00,7/20/2026,168573,1258,806,1060,167315,122562,151518,TRUE,1,0.9261,2,0.7826,-0.1435,3,0.6771,-0.1055,27,0.0232
11138,"Ilona Maher Teaches Marco to Curse, Becomes His Uber Driver From Hell & Roasts Her Worst First Date",Open Thoughts with Funny Marco,4/7/2026 16:05:00,7/20/2026,96483,1308,894,1130,95175,69292,82575,TRUE,1,0.9306,2,0.7509,-0.1797,3,0.6235,-0.1274,26,0.0737
11154,Jade Cargill Calls WWE Wrestlemania Opponent a LOSER & Marco Wants Her to Wrestle Oprah,Open Thoughts with Funny Marco,4/14/2026 17:00:00,7/20/2026,154713,1333,771,1035,153380,99698,123588,TRUE,1,0.9451,2,0.7036,-0.2415,3,0.5344,-0.1692,24,0.0281
11182,Jordan From The Bernie Mac Show Is All Grown Up - Rare Interview With Jeremy Suarez,Open Thoughts with Funny Marco,4/28/2026 16:07:00,7/20/2026,632453,1461,958,1263,630992,489905,591323,TRUE,1,0.922,2,0.7446,-0.1774,3,0.6621,-0.0825,16,0.0367
11216,WTF is Happening on Open Thoughts?! w/ Oliver Tree,Open Thoughts with Funny Marco,5/12/2026 16:10:00,7/20/2026,267140,1494,840,1207,265646,82490,137681,TRUE,1,0.9101,2,0.5372,-0.3729,3,0.4896,-0.0476,29,0.0331
11228,Marco Keeps Calling Nate Jackson Thick,Open Thoughts with Funny Marco,5/19/2026 16:00:00,7/20/2026,416525,1510,859,1334,415015,256089,371888,TRUE,1,0.8985,2,0.7239,-0.1746,3,0.5916,-0.1323,15,0.0154
11124,Marco BEGS Coco Jones for an Invite to her Wedding with Donovan Mitchell,Open Thoughts with Funny Marco,3/31/2026 16:00:00,7/20/2026,396376,1510,897,1226,394866,221053,316159,TRUE,1,0.9238,2,0.7487,-0.1751,3,0.6397,-0.109,34,0.0737
11047,Donnell Rawlings BEGS Marco to Quit Comedy,Open Thoughts with Funny Marco,2/24/2026 16:59:00,7/20/2026,510836,1517,855,1115,509319,286882,392520,TRUE,1,0.8774,2,0.7394,-0.138,3,0.6362,-0.1032,26,0.0351
11107, Wale Won’t Stop Calling Marco a Thief & Marco Makes a Wild Confession 😂,Open Thoughts with Funny Marco,3/24/2026 15:50:00,7/20/2026,230092,1558,847,1188,228534,160282,196427,TRUE,1,0.9046,2,0.7651,-0.1395,3,0.647,-0.1181,18,0.0713
11167,Jack Funny Gets Drunk & Speed Dates GRANDMAS,Open Thoughts with Funny Marco,4/21/2026 19:38:00,7/20/2026,468893,1629,1037,1373,467264,265103,407156,TRUE,1,0.8933,2,0.7104,-0.1829,3,0.6189,-0.0915,27,0.06
11065,Marsai Martin Says Marco Is PERFECT to Play a Crackhead,Open Thoughts with Funny Marco,3/3/2026 17:00:00,7/20/2026,686669,1639,879,1242,685030,332977,526582,TRUE,1,0.9315,2,0.7834,-0.1481,3,0.5813,-0.2021,24,0.0388
11862,Tisha Campbell & Marco Plan a Fake Relationship?!,Open Thoughts with Funny Marco,6/30/2026 16:30:00,7/20/2026,792860,1640,1193,1640,791220,611232,791220,TRUE,1,0.8966,2,0.5216,-0.375,3,0.4722,-0.0494,39,0.0197
11293,Funny Marco Meets His Childhood Crush Raven-Symone,Open Thoughts with Funny Marco,6/23/2026 17:35:00,7/20/2026,782874,1715,1260,1715,781159,600017,781159,TRUE,1,0.9535,2,0.6212,-0.3323,3,0.554,-0.0672,21,0.0339
11093,"Durand Bernarr: Grammy Wins, Rihanna DMs & Becoming Marco’s Speech Coach",Open Thoughts with Funny Marco,3/17/2026 16:00:00,7/20/2026,346843,1889,1064,1466,344954,201796,275974,TRUE,1,0.9127,2,0.7562,-0.1565,3,0.6204,-0.1358,32,0.0519
11252,Marlon Wayans REVEALS White Chicks 2?!,Open Thoughts with Funny Marco,6/2/2026 16:13:00,7/20/2026,915399,2179,1248,1957,913220,634023,852878,TRUE,1,0.8871,2,0.7101,-0.177,3,0.5912,-0.1189,34,0.0642
11200,"Mike Epps KEEPS IT REAL on Hollywood, Ice Cube & Why He Almost Quit Acting",Open Thoughts with Funny Marco,5/5/2026 16:15:00,7/20/2026,1412804,3422,1668,2518,1409382,732505,1132603,TRUE,1,0.9026,2,0.5942,-0.3084,3,0.564,-0.0302,15,0.0148
12887,Jay Jurden Returns,So True with Caleb Hearon,7/16/2026 8:00:00,7/20/2026,188891,115163,115163,115163,73728,73728,73728,TRUE,1,0.7455,2,0.5758,-0.1697,3,0.561,-0.0148,31,0.1158
12877,Tara Raghuveer Returns,So True with Caleb Hearon,7/9/2026 8:00:00,7/20/2026,252747,157047,145555,157047,95700,91779,95700,TRUE,1,0.7624,2,0.5899,-0.1725,3,0.5673,-0.0226,20,0.0771
11246,Sureni Weerasekera is Dancing,So True with Caleb Hearon,5/28/2026 8:00:00,7/20/2026,282629,169617,126596,159554,113012,90060,107973,TRUE,1,0.7806,2,0.6292,-0.1514,3,0.5967,-0.0325,18,0.1122
11865,Jack Martin Returns,So True with Caleb Hearon,7/2/2026 8:00:00,7/20/2026,429993,188950,155366,188950,241043,200550,241043,TRUE,1,0.7225,2,0.5474,-0.1751,3,0.5239,-0.0235,23,0.0972
11234,Michael Cruz Kayne Loves Basketball,So True with Caleb Hearon,5/21/2026 8:00:00,7/20/2026,312750,190584,142867,179100,122166,97447,116860,TRUE,1,0.7176,2,0.5694,-0.1482,3,0.5481,-0.0213,21,0.0673
11714,Sydnee Washington Returns,So True with Caleb Hearon,6/25/2026 8:00:00,7/20/2026,354527,207718,162062,207718,146809,124176,146809,TRUE,1,0.7617,2,0.5761,-0.1856,3,0.5574,-0.0187,22,0.1158
11160,Zoe Lister-Jones is Carrying Secrets,So True with Caleb Hearon,4/16/2026 8:00:00,7/20/2026,365383,212116,149097,187749,153267,118539,141749,TRUE,1,0.7603,2,0.6181,-0.1422,3,0.5959,-0.0222,24,0.0939
11255,Hayden Johnson Loves a Revolution,So True with Caleb Hearon,6/4/2026 11:00:00,7/20/2026,336217,212291,158133,202051,123926,97001,119672,TRUE,1,0.7694,2,0.6039,-0.1655,3,0.5719,-0.032,21,0.0962
11012,AJ Marroquin Wants to Throw Someone,So True with Caleb Hearon,2/5/2026 9:00:00,7/20/2026,354467,212320,135371,176625,142147,100843,119184,TRUE,1,0.7227,2,0.5534,-0.1693,3,0.5383,-0.0151,23,0.0942
11041,Wally Baram Loves Snakes,So True with Caleb Hearon,2/19/2026 9:00:00,7/20/2026,420911,223385,145218,182504,197526,146274,173616,TRUE,1,0.7641,2,0.6018,-0.1623,3,0.5773,-0.0245,20,0.1144
11203,Nico Carney Believes in Evolution,So True with Caleb Hearon,5/7/2026 8:00:00,7/20/2026,393642,224487,164539,206006,169155,128276,157734,TRUE,1,0.7796,2,0.6134,-0.1662,3,0.5839,-0.0295,17,0.0674
11286,Kay Poyer is a Good Customer,So True with Caleb Hearon,6/18/2026 14:06:00,7/20/2026,529093,226220,173838,224996,302873,226840,302873,TRUE,1,0.7711,2,0.6057,-0.1654,3,0.5811,-0.0246,25,0.1133
11217,Blair Socci is Being Sincere,So True with Caleb Hearon,5/14/2026 8:00:00,7/20/2026,383179,232927,163826,211219,150252,117480,141033,TRUE,1,0.7611,2,0.5872,-0.1739,3,0.5435,-0.0437,20,0.0765
11173,Taylor Ortega Returns,So True with Caleb Hearon,4/23/2026 8:00:00,7/20/2026,444518,235875,160785,208121,208643,152274,187010,TRUE,1,0.804,2,0.564,-0.24,3,0.5535,-0.0105,26,0.0834
10999,Ontonio Kareem Lived a Double Life,So True with Caleb Hearon,1/29/2026 9:00:00,7/20/2026,489967,235980,145916,191300,253987,143612,189985,TRUE,1,0.704,2,0.5378,-0.1662,3,0.5227,-0.0151,31,0.0954
11267,Devon Walker Returns,So True with Caleb Hearon,6/11/2026 8:00:00,7/20/2026,487348,236354,172241,228178,250994,174940,242525,TRUE,1,0.6866,2,0.5487,-0.1379,3,0.5394,-0.0093,31,0.0911
11068,Jo Sunday Loves Old People,So True with Caleb Hearon,3/5/2026 9:00:00,7/20/2026,414504,237078,156061,195648,177426,119782,150991,TRUE,1,0.7671,2,0.5956,-0.1715,3,0.5824,-0.0132,13,0.0522
11086,Molly Kearney Returns,So True with Caleb Hearon,3/12/2026 8:00:00,7/20/2026,435926,247456,160925,204003,188470,133477,164666,TRUE,1,0.7574,2,0.6102,-0.1472,3,0.5696,-0.0406,15,0.0894
11187,Pauline Chalamet Loves The Suburbs,So True with Caleb Hearon,4/30/2026 8:00:00,7/20/2026,450177,247746,161902,220737,202431,155055,188592,TRUE,1,0.7745,2,0.5998,-0.1747,3,0.5653,-0.0345,23,0.0926
11097,Nick Smith is Giving Stepmom,So True with Caleb Hearon,3/19/2026 8:00:00,7/20/2026,785910,251867,159665,209528,534043,291302,393720,TRUE,1,0.783,2,0.6285,-0.1545,3,0.5921,-0.0364,20,0.0794
11112,Taylor Tomlinson Isn't Settling,So True with Caleb Hearon,3/26/2026 8:00:00,7/20/2026,814086,276708,168576,221429,537378,321192,425830,TRUE,1,0.7865,2,0.6187,-0.1678,3,0.5817,-0.037,22,0.0841
11145,Sarah Sherman Sees Everything,So True with Caleb Hearon,4/9/2026 5:00:00,7/20/2026,707436,280607,170058,230258,426829,263130,352489,TRUE,1,0.7711,2,0.6262,-0.1449,3,0.59,-0.0362,22,0.0941
11126,Gaten Matarazzo Loves Pizza,So True with Caleb Hearon,4/2/2026 8:00:00,7/20/2026,809202,284202,172629,231587,525000,368514,466663,TRUE,1,0.8347,2,0.6739,-0.1608,3,0.6232,-0.0507,19,0.0467
10984,Matteo Lane Returns,So True with Caleb Hearon,1/22/2026 9:00:00,7/20/2026,908084,295498,159093,217749,612586,354720,439655,TRUE,1,0.7132,2,0.558,-0.1552,3,0.5311,-0.0269,21,0.0973
10967,Grace Kuhlenschmidt Returns,So True with Caleb Hearon,1/15/2026 9:00:00,7/20/2026,659414,297157,152431,210576,362257,194096,259612,,,,,,,,,,,
11029,Mary Beth Barone Returns,So True with Caleb Hearon,2/12/2026 9:00:00,7/20/2026,680927,302260,183366,239169,378667,250182,323399,TRUE,1,0.7047,2,0.5613,-0.1434,3,0.5388,-0.0225,20,0.1207
11050,Chris Fleming Returns Again,So True with Caleb Hearon,2/26/2026 9:00:00,7/20/2026,1203017,367465,195652,267585,835552,376906,584857,TRUE,1,0.684,2,0.538,-0.146,3,0.5232,-0.0148,23,0.093
10951,Brittany Broski Returns,So True with Caleb Hearon,1/8/2026 9:00:00,7/20/2026,4425029,681391,236082,387136,3743638,1578488,2303335,,,,,,,,,,,
11179,"Durant & Jokic Fall short, Spurs, Celtics, Thunder dominate, Rams draft Ty Simpson | 04.27",The Right Time with Bomani Jones,4/27/2026 17:00:00,7/20/2026,65930,31120,29095,30694,34810,31429,34504,TRUE,1,0.7854,2,0.5696,-0.2158,3,0.5547,-0.0149,21,4.3461
11863,Corey Erdman on The Night Hulk Hogan Shocked the World and Joined the NWO | 07.02,The Right Time with Bomani Jones,7/2/2026 10:00:00,7/20/2026,57267,39336,36788,39336,17931,16075,17931,TRUE,1,0.7729,2,0.6174,-0.1555,3,0.5752,-0.0422,25,0.044
11092,"1996 Hip-Hop Series: DJ Wally Sparks on Why Dr. Dre and Snoop Needed Each Other, Tupac's incredible rise | 03.17",The Right Time with Bomani Jones,3/17/2026 16:00:00,7/20/2026,59424,42239,38060,40740,17185,13522,15811,TRUE,1,0.7885,2,0.5942,-0.1943,3,0.5607,-0.0335,25,0.0401
11156,"DJ Wally Sparks on Prince’s Best Era, Best Songs and Wildest Deep Cuts | 04.16",The Right Time with Bomani Jones,4/16/2026 9:00:00,7/20/2026,59684,42619,39526,41939,17065,14677,16413,TRUE,1,0.7965,2,0.5374,-0.2591,3,0.4871,-0.0503,28,0.0215
11271,Tom Haberstroh on Victor Wembanyama becoming the Villain + Knicks biggest issue | 06.10 ,The Right Time with Bomani Jones,6/10/2026 16:45:00,7/20/2026,65295,42634,40897,42491,22661,22136,22641,TRUE,1,0.8105,2,0.6303,-0.1802,3,0.5995,-0.0308,19,0.0419
11168,"Nate Tice revisits the 2011 NFL Draft: How Cam Newton, J.J. Watt, and Richard Sherman changed the NFL forever | 04.21",The Right Time with Bomani Jones,4/21/2026 15:30:00,7/20/2026,59529,42819,40489,42248,16710,14335,16122,TRUE,1,0.8128,2,0.625,-0.1878,3,0.6089,-0.0161,26,0.0893
11183,"Logan Murdock on How Steph Curry, Draymond Green and the Warriors Changed Basketball Forever | 04.28",The Right Time with Bomani Jones,4/28/2026 14:30:00,7/20/2026,65265,43063,40348,42331,22202,16121,21189,TRUE,1,0.7977,2,0.6066,-0.1911,3,0.5593,-0.0473,23,0.0736
11254,Vinnie Goodwill on Why Dirk’s 2011 Title Run Changed Everything about his Legacy | 06.02,The Right Time with Bomani Jones,6/2/2026 15:30:00,7/20/2026,66807,43396,41276,43117,23411,18798,22278,TRUE,1,0.7769,2,0.5695,-0.2074,3,0.5438,-0.0257,31,0.0772
11215,What The Michael Jackson movie gets Wrong about Michael Jackson | 05.12,The Right Time with Bomani Jones,5/12/2026 16:48:00,7/20/2026,72768,43409,40711,42782,29359,25852,28592,TRUE,1,0.8083,2,0.6093,-0.199,3,0.5786,-0.0307,23,0.0346
11170,"Bruce Bowen on Rockets Quitting vs. Lakers, Victor Wembanyama’s concussion, Portland's Cheap Owner | 04.22",The Right Time with Bomani Jones,4/22/2026 16:45:00,7/20/2026,78770,43573,41065,42814,35197,33805,35080,TRUE,1,0.8128,2,0.6233,-0.1895,3,0.5906,-0.0327,20,0.0441
11046,1996 Hip Hop Series: Jason England on Biggie’s Blueprint: The Hidden Impact on Jay-Z & Nas | 02.24,The Right Time with Bomani Jones,2/24/2026 16:51:00,7/20/2026,69931,43991,40119,42920,25940,21972,24264,TRUE,1,0.831,2,0.5704,-0.2606,3,0.5177,-0.0527,21,0.0348
11076," Jason A. England on How A Tribe Called Quest, The Fugees & Mobb Deep Defined 1996 | 03.10",The Right Time with Bomani Jones,3/10/2026 15:30:00,7/20/2026,61151,44030,40024,42980,17121,13381,16104,TRUE,1,0.7893,2,0.5912,-0.1981,3,0.5531,-0.0381,29,0.045
11123,Howard Bryant on Duke vs UNLV 1991: The Upset That Changed College Basketball | 03.31,The Right Time with Bomani Jones,3/31/2026 16:00:00,7/20/2026,66890,44108,41210,43118,22782,19563,21302,TRUE,1,0.8051,2,0.6124,-0.1927,3,0.5825,-0.0299,21,0.06
11199,"Jason Goff on Michael Jordan’s  Peak, The 1996 Chicago Bulls | 05.05",The Right Time with Bomani Jones,5/5/2026 15:30:00,7/20/2026,93603,44335,40692,43180,49268,32099,45423,TRUE,1,0.8093,2,0.5718,-0.2375,3,0.521,-0.0508,16,0.0439
11243,"Bruce Bowen on Wemby’s Playoff Reality Check, Knicks best player debate, James Harden's disappointing effort | 05.27",The Right Time with Bomani Jones,5/27/2026 16:00:00,7/20/2026,70390,44875,43297,44638,25515,24726,25474,TRUE,1,0.791,2,0.6004,-0.1906,3,0.5996,-0.0008,18,0.0266
11105,"Bob Costas on Michael Jordan Memories, The Magic of “NBA on NBC”,  O.J.’s Bronco Chase | 03.24",The Right Time with Bomani Jones,3/24/2026 15:15:00,7/20/2026,86079,45019,42109,44197,41060,28867,37576,TRUE,1,0.8725,2,0.6693,-0.2032,3,0.627,-0.0423,14,0.0509
11063,"1996 Hip Hop Series: DJ Wally Sparks on How Outkast, UGK & Master P Took Southern Hip-Hop From Regional to Global | 03.03",The Right Time with Bomani Jones,3/3/2026 16:45:00,7/20/2026,65946,45029,40931,43879,20917,17421,19606,TRUE,1,0.7715,2,0.5648,-0.2067,3,0.5294,-0.0354,28,0.059
12889,"Messi Stops Time, Is $100M Not Enough? | Bomani Jones & Domonique Foxworth",The Right Time with Bomani Jones,7/16/2026 18:15:00,7/20/2026,68927,45364,45364,45364,23563,23563,23563,TRUE,1,0.7892,2,0.6046,-0.1846,3,0.5701,-0.0345,22,0.1038
11151,"Why Prince Still Feels Untouchable: Purple Rain, 1999 & More | 04.14",The Right Time with Bomani Jones,4/14/2026 10:00:00,7/20/2026,68402,45594,41767,44367,22808,19549,21884,TRUE,1,0.8373,2,0.648,-0.1893,3,0.619,-0.029,28,0.0272
11858,Logan Murdock on Why Kevin Durant Chose the Warriors 10 years ago | 06.30,The Right Time with Bomani Jones,6/30/2026 10:00:00,7/20/2026,67922,45643,42816,45643,22279,20096,22279,TRUE,1,0.7904,2,0.6129,-0.1775,3,0.5829,-0.03,18,0.0578
10995,Vinnie Goodwill on Kobe's 81-Point Game: A Night That Changed Basketball Forever | 01.27,The Right Time with Bomani Jones,1/27/2026 16:30:00,7/20/2026,73434,46025,42366,44457,27409,18664,24220,TRUE,1,0.8092,2,0.6293,-0.1799,3,0.5929,-0.0364,22,0.0543
11034,"DJ Wally Sparks on When Rap Had Regional Identity, The Rise of Southern Singles, Bone Thugs Underrated? | 02.17",The Right Time with Bomani Jones,2/17/2026 9:09:00,7/20/2026,68961,46124,41572,44670,22837,17504,20918,TRUE,1,0.7637,2,0.5531,-0.2106,3,0.5203,-0.0328,29,0.0582
11256,"Jason Goff on Wemby’s arrival at the NBA Finals, Jay-Z vs. Drake, A.J. Brown & Patriots pressure | 06.03",The Right Time with Bomani Jones,6/3/2026 15:31:00,7/20/2026,70373,46376,44400,46095,23997,23547,23964,TRUE,1,0.8,2,0.6244,-0.1756,3,0.5905,-0.0339,21,0.0726
12884,"How the Celtics FAILED Brown & Tatum, Caitlin Clark Discourse Gets More Insane | Bomani Jones",The Right Time with Bomani Jones,7/14/2026 16:00:00,7/20/2026,79599,46532,46532,46532,33067,33067,33067,TRUE,1,0.7788,2,0.5966,-0.1822,3,0.5736,-0.023,24,0.0789
11131," Pat Forde on Crazy Dan Hurley, Billy Donovan to UNC Rumors, Will Wade to LSU | 04.01",The Right Time with Bomani Jones,4/1/2026 17:02:00,7/20/2026,67231,46633,43369,45404,20598,19913,20520,TRUE,1,0.824,2,0.6264,-0.1976,3,0.5904,-0.036,18,0.0804
11227,J.A. Adande on how Shaq and Kobe Turned Chaos Into a Dynasty | 05.19,The Right Time with Bomani Jones,5/19/2026 15:00:00,7/20/2026,75128,46968,43134,46363,28160,19170,25396,TRUE,1,0.7834,2,0.5736,-0.2098,3,0.5353,-0.0383,23,0.0253
11188,"Vinnie Goodwill on Embiid's & 76ers last stand, Knicks' title chances, NBA lottery reform | 04.29",The Right Time with Bomani Jones,4/29/2026 17:00:00,7/20/2026,71162,47315,45196,46817,23847,22805,23755,TRUE,1,0.786,2,0.5796,-0.2064,3,0.5444,-0.0352,24,0.1043
11074,"Ravens trade for Maxx Crosby, Trump’s “Stick to Sports” Hypocrisy gets more absurd | 03.09",The Right Time with Bomani Jones,3/9/2026 15:32:00,7/20/2026,70832,47841,45591,47234,22991,21986,22849,TRUE,1,0.8014,2,0.6415,-0.1599,3,0.6134,-0.0281,17,0.0463
11273,De’Aaron Fox and the Spurs Blew an All-Time Lead | 06.11,The Right Time with Bomani Jones,6/11/2026 16:34:00,7/20/2026,98092,47975,45885,47845,50117,48958,49951,TRUE,1,0.8351,2,0.6721,-0.163,3,0.6442,-0.0279,16,0.0541
11191,"Danny Parkins on Lakers losing to Rockets, Harden Playoff Struggles & Celtics' Red Flags | 04.30",The Right Time with Bomani Jones,4/30/2026 16:15:00,7/20/2026,71601,48188,45832,47656,23413,22613,23348,TRUE,1,0.8106,2,0.6303,-0.1803,3,0.6034,-0.0269,11,0.07
11137,"Michael Collins on The Tiger Slam, 25 Years Later | 04.07",The Right Time with Bomani Jones,4/7/2026 14:32:00,7/20/2026,65231,48527,42041,45244,16704,13356,16043,TRUE,1,0.8265,2,0.5677,-0.2588,3,0.5363,-0.0314,19,0.0744
11163,"LeBron & Lakers beat Rockets, WNBA's ""Too Online"" issue, Giants trade Dexter Lawrence | 04.20",The Right Time with Bomani Jones,4/20/2026 15:35:00,7/20/2026,85633,48722,46704,48034,36911,35941,36843,TRUE,1,0.7994,2,0.583,-0.2164,3,0.5554,-0.0276,21,3.9331
11197,"The Knicks Have No Excuses, Celtics Collapse & Nuggets Window Closes | 05.04",The Right Time with Bomani Jones,5/4/2026 16:03:00,7/20/2026,83007,48741,46242,48015,34266,33640,34220,TRUE,1,0.8142,2,0.6462,-0.168,3,0.625,-0.0212,18,0.0565
11205,"Tom Haberstroh on Anthony Edwards has NO FEAR of Wemby, Jaylen Brown Drama & the Jokic Analytics Debate | 05.06",The Right Time with Bomani Jones,5/6/2026 16:30:00,7/20/2026,71691,48846,45084,47168,22845,21696,22761,TRUE,1,0.7819,2,0.5942,-0.1877,3,0.5744,-0.0198,18,0.0822
11024,How Tupac's All Eyez on Me launched the greatest year in rap | 02.10,The Right Time with Bomani Jones,2/10/2026 17:15:00,7/20/2026,88606,48866,43261,47105,39740,29406,36200,TRUE,1,0.7938,2,0.5717,-0.2221,3,0.5231,-0.0486,27,0.0635
11090,"It’s Time To Hate Duke Again, Lakers Big win, Bruce Pearl embarrasses himself | 03.16",The Right Time with Bomani Jones,3/16/2026 16:21:00,7/20/2026,74641,48867,45815,47793,25774,24145,25608,TRUE,1,0.8,2,0.6476,-0.1524,3,0.6202,-0.0274,21,0.0712
12881,"Bam Adebayo Punches Tyler Herro, Wemby's ""Max"" contract, Conor McGregor's next move | 07.13",The Right Time with Bomani Jones,7/13/2026 14:35:00,7/20/2026,84100,48908,48908,48908,35192,35192,35192,TRUE,1,0.8133,2,0.6548,-0.1585,3,0.6352,-0.0196,15,0.0517
11224,"Defending Anthony Edwards, Spurs-Thunder must-see series, Steelers Sign Rodgers | 05.18",The Right Time with Bomani Jones,5/18/2026 15:45:00,7/20/2026,79397,48960,46692,48603,30437,29048,30307,TRUE,1,0.807,2,0.6408,-0.1662,3,0.6115,-0.0293,14,0.0549
11099,"Vinnie Goodwill on Kevin Durant-Rockets Struggles, Why LeBron shouldn't leave Lakers, NBA Expansion | 03.18",The Right Time with Bomani Jones,3/18/2026 16:30:00,7/20/2026,79530,48987,45783,47815,30543,28011,30306,TRUE,1,0.7918,2,0.6023,-0.1895,3,0.5791,-0.0232,27,0.0532
11011,Shannon Penn on The Rise and Fall of the Cowboys' Dynasty: 30 Years Later | 02.03,The Right Time with Bomani Jones,2/3/2026 18:00:00,7/19/2026,76156,49059,43477,45997,27097,18775,21407,TRUE,1,0.8048,2,0.6054,-0.1994,3,0.5774,-0.028,25,0.037
12873,"Why Jaylen Brown ACTUALLY got traded, LeBron James next move, Balogun returns for US | 07.06",The Right Time with Bomani Jones,7/6/2026 14:30:00,7/20/2026,92165,49060,47268,49060,43105,42145,43105,TRUE,1,0.7862,2,0.6233,-0.1629,3,0.5981,-0.0252,18,0.0543
10942,"Joel Anderson on USC-Texas, 2006 Rose Bowl: Best College Football Game Ever | 01.06",The Right Time with Bomani Jones,1/6/2026 18:30:00,7/20/2026,72463,49097,45668,47801,23366,15817,17455,TRUE,1,0.8597,2,0.5979,-0.2618,3,0.5519,-0.046,27,0.0617
11146," Tom Haberstroh on Giannis-Bucks Drama continues, Spurs Push for NBA title, UNC hires Mike Malone | 04.08",The Right Time with Bomani Jones,4/8/2026 16:20:00,7/20/2026,83130,49269,46099,48503,33861,30888,33621,TRUE,1,0.8018,2,0.6327,-0.1691,3,0.6105,-0.0222,18,0.0489
10964,Spencer Hall on Cam Newton at Auburn: The Greatest College Football season of all time | 01.13,The Right Time with Bomani Jones,1/13/2026 16:30:00,7/20/2026,76415,49486,45944,48144,26929,22051,23985,TRUE,1,0.787,2,0.5955,-0.1915,3,0.56,-0.0355,28,0.0776
11248,Shannon Penn on Why This Knicks Team Feels Different + Trump Potentially Getting Booed at MSG | 05.28,The Right Time with Bomani Jones,5/28/2026 15:45:00,7/20/2026,80005,49558,47589,49337,30447,29506,30396,TRUE,1,0.8209,2,0.6512,-0.1697,3,0.6136,-0.0376,18,0.0349
11016,"Diante Lee on Super Bowl Expectations, Will Darnold lead Seahawks over Patriots, Rooney rule dishonesty | 02.06",The Right Time with Bomani Jones,2/6/2026 10:49:00,7/20/2026,73721,49691,45994,48215,24030,23087,23860,TRUE,1,0.8017,2,0.6286,-0.1731,3,0.6019,-0.0267,24,0.0639
12875,"Danny Parkins on USMNT disaster vs. Belgium, Donovan Mitchell's huge contract, LeBron's next move | 07.07",The Right Time with Bomani Jones,7/7/2026 16:50:00,7/20/2026,80596,50024,48372,50024,30572,29884,30572,TRUE,1,0.7664,2,0.5762,-0.1902,3,0.5609,-0.0153,21,0.1006
11104,"Hubert Davis’s Done at UNC?, Rick Pitino Redemption, March Madness' ""Caucasian Revolution"" ",The Right Time with Bomani Jones,3/23/2026 15:15:00,7/20/2026,89130,50086,47479,49364,39044,37728,38897,TRUE,1,0.8413,2,0.5943,-0.247,3,0.5366,-0.0577,15,0.0814
11060,"NBA regular season heats up, NFL Combine absurdity, Kyler Murray's future | 03.02",The Right Time with Bomani Jones,3/2/2026 16:00:00,7/20/2026,79707,50170,47490,49277,29537,27220,28963,TRUE,1,0.801,2,0.6227,-0.1783,3,0.6037,-0.019,23,0.0559
11241,"Harden & Cavs QUIT vs, Knicks, The OKC ""Blue Devils"" & Jackson Dart’s Trump Problem | 05.26",The Right Time with Bomani Jones,5/26/2026 15:45:00,7/20/2026,96718,50481,48131,49822,46237,45183,46108,TRUE,1,0.7913,2,0.6074,-0.1839,3,0.6046,-0.0028,19,0.0311
10977,Bomani Jones & Howard Bryant on The Untold Stories of Jackie Robinson and Paul Robeson | 01.20,The Right Time with Bomani Jones,1/20/2026 17:06:00,7/20/2026,82133,50542,44296,47084,31591,24704,28442,TRUE,1,0.813,2,0.6014,-0.2116,3,0.5665,-0.0349,28,0.058
11260,"Danny Parkins on Knicks beating Spurs in game 1 of NBA Finals, Russell Wilson's Hall of Fame case | 06.04",The Right Time with Bomani Jones,6/4/2026 16:00:00,7/20/2026,85502,50643,48524,50301,34859,34002,34802,TRUE,1,0.7937,2,0.6332,-0.1605,3,0.6076,-0.0256,21,0.0611
11057,"Corey Erdman on Floyd Mayweather-Manny Pacquiao rematch, USA-Canada's complicated relationship | 02.27",The Right Time with Bomani Jones,2/27/2026 10:32:00,7/20/2026,77973,51011,47365,49928,26962,25044,26570,TRUE,1,0.7937,2,0.6049,-0.1888,3,0.5676,-0.0373,18,0.0485
11101,"Charles McDonald on Dolphins Tanking Disaster, Vikings' Kyler Murray Gamble, NFL Replacement Refs? | 03.19",The Right Time with Bomani Jones,3/19/2026 17:03:00,7/20/2026,80487,51017,48049,50270,29470,25156,28956,TRUE,1,0.7913,2,0.5935,-0.1978,3,0.5567,-0.0368,19,0.0939
11250,"Wemby leads Spurs to Finals, OKC's Chet Holmgren problem, NBA's Tanking fix | 06.01",The Right Time with Bomani Jones,6/1/2026 15:22:00,7/20/2026,87185,51342,49602,51140,35843,35093,35740,TRUE,1,0.8093,2,0.6367,-0.1726,3,0.5892,-0.0475,21,0.1038
11211,"Wemby Gets Ejected, the NBA Draft Lottery Gets Weird,  Skip Bayless Returns to First Take | 05.11",The Right Time with Bomani Jones,5/11/2026 16:22:00,7/20/2026,84083,51522,48643,50667,32561,32134,32457,TRUE,1,0.8278,2,0.6457,-0.1821,3,0.6212,-0.0245,16,0.0819
11263,"Knicks come home for game 3, Victor Wembanyama Backlash, World Cup Fever heats up | 06.08 ",The Right Time with Bomani Jones,6/8/2026 15:15:00,7/20/2026,76190,51702,49676,51475,24488,24182,24466,TRUE,1,0.8162,2,0.6502,-0.166,3,0.6306,-0.0196,18,0.0497
11290,Howard Bryant on How the 1986 NBA Draft Changed the NBA Forever | 06.23,The Right Time with Bomani Jones,6/23/2026 10:01:00,7/20/2026,78085,51738,47810,51738,26347,21800,26347,TRUE,1,0.7792,2,0.6063,-0.1729,3,0.5796,-0.0267,21,0.0665
11280,"Spencer Hall on Maradona’s Hand of God, Zidane’s Headbutt & the World Cup’s Wildest Moments | 06.16",The Right Time with Bomani Jones,6/16/2026 13:00:00,7/20/2026,69673,51837,47150,51763,17836,16056,17792,TRUE,1,0.7812,2,0.5943,-0.1869,3,0.5586,-0.0357,17,0.0803
11136,"Geno Auriemma LOSES IT at Dawn Staley,  LeBron’s Memphis Mess | 04.06",The Right Time with Bomani Jones,4/6/2026 15:35:00,7/20/2026,96271,51989,48641,50823,44282,42941,44066,TRUE,1,0.8442,2,0.6655,-0.1787,3,0.6499,-0.0156,20,0.0477
11265, Victor Wembanyama Has the Knicks SHOOK + Brendan Sorsby’s NCAA Gambling Case | 06.09,The Right Time with Bomani Jones,6/9/2026 15:25:00,7/20/2026,89313,52028,49755,51657,37285,36963,37268,TRUE,1,0.8302,2,0.6601,-0.1701,3,0.6364,-0.0237,15,0.0363
11081,"Danny Parkins on Bam Adebayo drops 83 points, Ravens back out of Crosby trade, sign Trey Hendrickson | 03.11",The Right Time with Bomani Jones,3/11/2026 16:15:00,7/20/2026,86056,52069,47702,50239,33987,33277,33872,TRUE,1,0.8127,2,0.6246,-0.1881,3,0.5975,-0.0271,22,0.0946
11031,"Howard Bryant on Pro Football Hall of Fame Debates, Why voters get it WRONG | 02.13",The Right Time with Bomani Jones,2/13/2026 11:00:00,7/20/2026,78225,52092,48174,50824,26133,24196,25598,TRUE,1,0.8038,2,0.6393,-0.1645,3,0.62,-0.0193,24,0.0407
11120,"Duke's all-time choke vs. UConn in Elite 8, Tiger Woods arrested, Will Wade to LSU  | 03.30",The Right Time with Bomani Jones,3/30/2026 16:46:00,7/20/2026,79150,52152,49120,51061,26998,26163,26852,TRUE,1,0.8131,2,0.6254,-0.1877,3,0.5579,-0.0675,19,0.0779
11175,"Diante Lee on Fernando Mendoza's potential, A.J. Brown-Eagles divorce, Mike Vrabel mess | 04.23",The Right Time with Bomani Jones,4/23/2026 15:41:00,7/20/2026,78720,52248,48351,50945,26472,24602,26296,TRUE,1,0.8296,2,0.6337,-0.1959,3,0.5971,-0.0366,24,0.0771
11067,"Bruce Bowen GOES IN on Spurs Title Chances, Luka Doncic's whining, Tatum's return | 03.04",The Right Time with Bomani Jones,3/4/2026 18:49:00,7/20/2026,89268,52472,47709,50333,36796,31312,36137,TRUE,1,0.825,2,0.6099,-0.2151,3,0.5708,-0.0391,27,0.0447
11045,"Adam Silver's NBA tanking problem. USA wins gold vs. Canada, Floyd Mayweather back? | 02.23",The Right Time with Bomani Jones,2/23/2026 16:39:00,7/20/2026,83112,52534,48611,50971,30578,28684,30201,TRUE,1,0.7971,2,0.6271,-0.17,3,0.6044,-0.0227,18,0.0266
11132,"    Danny Parkins on Eagles put Jalen Hurts on notice. Wembanyama's MVP case, Lakers title chances | 04.02",The Right Time with Bomani Jones,4/2/2026 16:59:00,7/20/2026,91417,52629,47437,50662,38788,36204,38596,TRUE,1,0.8064,2,0.6124,-0.194,3,0.5873,-0.0251,18,0.0721
10965,"Charles McDonald on Mike Tomlin & Steelers future, Rich Paul's bizarre podcast, defending Nick Sirriani | 01.14",The Right Time with Bomani Jones,1/14/2026 19:00:00,7/20/2026,84374,52636,49652,51553,31738,30057,31569,TRUE,1,0.8076,2,0.6158,-0.1918,3,0.5732,-0.0426,19,0.067
12878,"Vernon Maxwell GOES OFF on Celtics trading Jaylen Brown, Spurs Collapse vs. Knicks | 07.09",The Right Time with Bomani Jones,7/9/2026 10:00:00,7/20/2026,83105,52876,50938,52876,30229,29537,30229,TRUE,1,0.8479,2,0.644,-0.2039,3,0.6059,-0.0381,20,0.0533
11455,Ethan Strauss on How LeBron BROKE Steph Curry & the 73-Win Warriors in 2016 | 06.25,The Right Time with Bomani Jones,6/25/2026 10:00:00,7/20/2026,76236,52901,48471,52901,23335,20837,23335,TRUE,1,0.7873,2,0.6067,-0.1806,3,0.5623,-0.0444,24,0.0381
11231,"Joel Anderson on The SEC Boycott Debate, Wembanyama’s statement game, Jaylen Brown vs. Stephen A. | 05.20",The Right Time with Bomani Jones,5/20/2026 15:20:00,7/20/2026,88589,53071,49273,52466,35518,33396,35358,TRUE,1,0.7812,2,0.5869,-0.1943,3,0.5837,-0.0032,22,0.0524
10974,"BIlls “broken” by Broncos, C.J. Stroud struggles, Remembering Martin Luther King Jr. | 01.19",The Right Time with Bomani Jones,1/19/2026 17:14:00,7/20/2026,94086,53079,49063,51107,41007,40035,40779,TRUE,1,0.7857,2,0.5986,-0.1871,3,0.5705,-0.0281,22,0.0424
11001,"Elle Duncan gets REAL on Alex Honnold's climb on Netflix, leaving ESPN | 01.30",The Right Time with Bomani Jones,1/30/2026 10:58:00,7/20/2026,98566,53370,48296,50747,45196,37552,44503,TRUE,1,0.8294,2,0.6128,-0.2166,3,0.5742,-0.0386,19,0.0477
11008,"NFL hires ZERO Black coaches, Giannis sweepstakes, Giants owner in Epstein files | 02.02",The Right Time with Bomani Jones,2/2/2026 17:00:00,7/18/2026,91843,53426,49272,51626,38417,36131,38083,TRUE,1,0.7888,2,0.6084,-0.1804,3,0.5837,-0.0247,16,0.0451
10971,"Danny Parkins on Caleb Williams' Future, Josh Allen's moment, Giants hire John Harbaugh | 01.16",The Right Time with Bomani Jones,1/16/2026 11:02:00,7/20/2026,80886,53488,48279,50304,27398,26011,27136,TRUE,1,0.8017,2,0.6232,-0.1785,3,0.5975,-0.0257,15,0.0548
11071,"Pat Forde on Donald Trump's Absurd Plan to “Fix” College Football, Pimps in College Basketball | 03.06",The Right Time with Bomani Jones,3/6/2026 11:08:00,7/20/2026,80516,53658,50267,52414,26858,25080,26585,TRUE,1,0.8173,2,0.6505,-0.1668,3,0.6129,-0.0376,12,0.0467
10959,"Eagles ""embarrassing"" loss to 49ers, Matt LaFleur & John Harbaugh rumors, ICE shooting in Minnesota | 01.12",The Right Time with Bomani Jones,1/12/2026 16:30:00,7/20/2026,83036,53680,50308,52015,29356,28212,29035,TRUE,1,0.8158,2,0.6323,-0.1835,3,0.5784,-0.0539,20,0.0547
11052,"Jason Goff on LeBron's disappointing end with Lakers, A.J Brown-Eagles drama, Shedeur Browns QB 1? | 02.25",The Right Time with Bomani Jones,2/25/2026 19:17:00,7/20/2026,85789,53924,50124,53025,31865,30021,31581,TRUE,1,0.7735,2,0.5837,-0.1898,3,0.5897,0.006,23,0.0533
11115,"Jason Goff on Victor Wembanyama's MVP Push, NBA's 65-Game rule, Jay-Z's disappointing interview | 03.26",The Right Time with Bomani Jones,3/26/2026 15:45:00,7/20/2026,85263,53996,48510,51147,31267,28846,31013,TRUE,1,0.8112,2,0.6068,-0.2044,3,0.5688,-0.038,21,0.0834
10987,"Mina Kimes on Rams vs. Seahawks Showdown, 49ers injury theories, Patriots vs. Broncos | 01.23",The Right Time with Bomani Jones,1/23/2026 10:54:00,7/20/2026,86931,54195,50938,53035,32736,31773,32578,TRUE,1,0.7792,2,0.5753,-0.2039,3,0.5461,-0.0292,20,0.0863
11236,Spencer Hall on the Absurdity of the proposed 24-team College football Playoff | 05.21,The Right Time with Bomani Jones,5/21/2026 15:15:00,7/20/2026,85201,54362,50417,53812,30839,28159,30626,TRUE,1,0.7754,2,0.6052,-0.1702,3,0.5744,-0.0308,17,0.0545
10990,"Darnold Leads Seahawks to Super Bowl, McCarthy to Steelers, Deion Fining Players? | 01.26",The Right Time with Bomani Jones,1/26/2026 17:00:00,7/20/2026,90533,54798,49119,51493,35735,34230,35442,TRUE,1,0.7788,2,0.6127,-0.1661,3,0.5889,-0.0238,19,0.0748
10941,"Steelers beat Ravens, Kevin Stefanksi & Raheem Morris Fired, Transfer Portal Madness | 01.05",The Right Time with Bomani Jones,1/5/2026 17:46:00,7/19/2026,87716,54800,51133,53086,32916,32012,32722,TRUE,1,0.8032,2,0.6178,-0.1854,3,0.6013,-0.0165,23,0.0334
11042,"Vinnie Goodwill on Kevin Durant-Rockets Concerns, Wemby-Thunder rivalry, Knicks NBA Finals or Bust? | 02.20",The Right Time with Bomani Jones,2/20/2026 10:29:00,7/20/2026,87198,54967,51581,53797,32231,30416,31796,TRUE,1,0.7999,2,0.6373,-0.1626,3,0.6024,-0.0349,19,0.0397
10954,"Steven Godfrey on Transfer Portal Problems, Lane Kiffin LSU-Ole Miss Madness, Nick Saban Concerns | 01.07",The Right Time with Bomani Jones,1/7/2026 17:30:00,7/20/2026,87671,55286,50344,53083,32385,28975,30822,TRUE,1,0.7822,2,0.6022,-0.18,3,0.5801,-0.0221,25,0.0818
11014,"Joel Anderson on James Harden traded to Cavaliers, College Basketball in Crisis | 02.04",The Right Time with Bomani Jones,2/4/2026 19:00:00,7/20/2026,96400,56322,51408,53988,40078,37769,39601,TRUE,1,0.7994,2,0.6009,-0.1985,3,0.5736,-0.0273,20,0.0442
10996, Bill Belichick snubbed from Hall of Fame + Danny Funt on Sports Gambling's rise | 01.28,The Right Time with Bomani Jones,1/28/2026 17:00:00,7/20/2026,83351,56862,49957,52832,26489,25724,26253,TRUE,1,0.8242,2,0.6339,-0.1903,3,0.6139,-0.02,19,0.0335
10957,"Domonique Foxworth on Harbaugh's next move, Mike McDaniel fired, NFL playoffs begin | 01.09",The Right Time with Bomani Jones,1/9/2026 11:00:00,7/20/2026,91883,57123,53192,55395,34760,32458,34232,TRUE,1,0.784,2,0.6108,-0.1732,3,0.583,-0.0278,29,0.08
11207, Domonique Foxworth discusses Draymond Green crossing the line with Charles Barkley | 05.07,The Right Time with Bomani Jones,5/7/2026 17:22:00,7/20/2026,168751,57248,53820,56657,111503,107370,110972,TRUE,1,0.8609,2,0.6267,-0.2342,3,0.5868,-0.0399,23,0.025
11030,"Tom Haberstroh on Victor Wembanyama arrival, Hornets-Pistons Brawl, NBA's Tanking Disaster | 02.11",The Right Time with Bomani Jones,2/11/2026 17:50:00,7/20/2026,87947,57306,50661,54383,30641,28342,30184,TRUE,1,0.7838,2,0.5907,-0.1931,3,0.5709,-0.0198,20,0.0597
11281,Domonique Foxworth on if Is Wemby NBA’s Next Villain? + Jalen Brunson’s New York Takeover | 06.17,The Right Time with Bomani Jones,6/17/2026 16:50:00,7/20/2026,90608,57564,52693,57494,33044,31681,33014,TRUE,1,0.7911,2,0.623,-0.1681,3,0.6204,-0.0026,22,0.1154
10982," Nick Wright on Josh Allen's future, Stafford's Hall of Fame case,  Belichick to Bills? | 01.21",The Right Time with Bomani Jones,1/21/2026 17:12:00,7/20/2026,112142,57702,51517,54401,54440,51949,53962,TRUE,1,0.7839,2,0.5834,-0.2005,3,0.5599,-0.0235,19,0.078
11219,"Nick Wright on Wemby's ""revenge"", LeBron James to New York? and the Lakers’ Next Move |  05.13",The Right Time with Bomani Jones,5/13/2026 16:05:00,7/20/2026,104490,58318,54140,57475,46172,44966,46095,TRUE,1,0.787,2,0.6006,-0.1864,3,0.5815,-0.0191,22,0.04
11221,Steven Godfrey on Why Lane Kiffin is right about Ole Miss... and wrong about LSU | 05.14,The Right Time with Bomani Jones,5/14/2026 15:15:00,7/20/2026,115457,58671,53499,57149,56786,51466,56296,TRUE,1,0.8247,2,0.6352,-0.1895,3,0.6032,-0.032,21,0.059
11021,"Drake Maye disappoints in Super Bowl LX, Seahawks defense dominates, Bad Bunny's halftime show | 02.09",The Right Time with Bomani Jones,2/9/2026 17:00:00,7/20/2026,99134,59446,52387,55766,39688,38655,39440,TRUE,1,0.8034,2,0.6444,-0.159,3,0.6287,-0.0157,19,0.0408
11113,"Van Lathan breaks down Stephen A. Smith vs. Jason Whitlock beef, TSA airport Chaos | 03.25",The Right Time with Bomani Jones,3/25/2026 16:00:00,7/20/2026,167179,59806,54594,58547,107373,91867,103686,TRUE,1,0.8012,2,0.592,-0.2092,3,0.5485,-0.0435,21,0.0924
11037,"Domonique Foxworth on MLBPA's SHOCKING Scandal, Jesse Jackson's death, The KD Files | 02.18",The Right Time with Bomani Jones,2/18/2026 17:33:00,7/20/2026,101729,59806,54297,57952,41923,39093,40894,TRUE,1,0.7779,2,0.5873,-0.1906,3,0.618,0.0307,26,0.0818
11087," Domonique Foxworth reacts to Daniel Jones Getting PAID, Ravens Next Steps & Geno’s Jets Reunion | 3.12",The Right Time with Bomani Jones,3/12/2026 16:17:00,7/20/2026,99776,60040,56346,59207,39736,36292,39035,TRUE,1,0.7859,2,0.63,-0.1559,3,0.6084,-0.0216,25,0.0628
11285,Joel Anderson on How The Brendan Sorsby Case EXPOSES College Football’s Biggest Problem | 06.18,The Right Time with Bomani Jones,6/18/2026 16:00:00,7/20/2026,88470,62653,56473,62599,25817,23519,25817,TRUE,1,0.7952,2,0.6482,-0.147,3,0.6054,-0.0428,19,0.0792
11276,"Jalen Brunson, the Knicks, and the NBA Championship That Took Over New York | 06.14",The Right Time with Bomani Jones,6/14/2026 18:00:00,7/20/2026,119076,62711,58407,62387,56365,54896,56222,TRUE,1,0.8228,2,0.6592,-0.1636,3,0.6489,-0.0103,12,0.0364
11147," Domonique Foxworth on Mike Vrabel-Dianna Russini rumors, Steelers uncertain QB future | 04.09",The Right Time with Bomani Jones,4/9/2026 15:00:00,7/20/2026,195231,70416,63466,69108,124815,113507,123396,TRUE,1,0.8128,2,0.6003,-0.2125,3,0.5681,-0.0322,24,0.032
12890,Prof is our favorite Good Time Boy! | Whiskey Ginger,Whiskey Ginger with Andrew Santino,7/17/2026 11:00:00,7/20/2026,69815,39718,39718,39718,30097,30097,30097,TRUE,1,0.82,2,0.6301,-0.1899,3,0.5957,-0.0344,8,0.0657
12880,Zac Townsend and Santino Get Completely Sidetracked | Whiskey Ginger,Whiskey Ginger with Andrew Santino,7/10/2026 11:00:00,7/20/2026,87300,57485,55230,57485,29815,29332,29815,TRUE,1,0.7749,2,0.6101,-0.1648,3,0.5919,-0.0182,9,0.0577
11868,Shane Mauss Is Back On The Show! | Whiskey Ginger,Whiskey Ginger with Andrew Santino,7/7/2026 17:25:00,7/20/2026,84480,58585,56288,58585,25895,23650,25895,TRUE,1,0.8071,2,0.515,-0.2921,3,0.5326,0.0176,9,0.0556
11193,Rene Vaca Didn’t Expect This Kind of Attention | Whiskey Ginger,Whiskey Ginger with Andrew Santino,5/1/2026 11:00:00,7/20/2026,208582,61770,52203,59224,146812,100178,137106,TRUE,1,0.8061,2,0.6213,-0.1848,3,0.6754,0.0541,12,0.0819
11222,Zach Zucker (Jack Tucker) Is Pure Chaos | Whiskey Ginger,Whiskey Ginger with Andrew Santino,5/15/2026 11:00:00,7/20/2026,112975,64488,54371,62580,48487,34019,43017,TRUE,1,0.7353,2,0.5814,-0.1539,3,0.549,-0.0324,10,0.0473
11100,Aaron Chen Is Here and It's Hilarious | Whiskey Ginger,Whiskey Ginger with Andrew Santino,3/20/2026 11:00:00,7/20/2026,249073,64564,53539,61501,184509,89315,134281,TRUE,1,0.7939,2,0.638,-0.1559,3,0.6204,-0.0176,7,0.0491
10972,Phil Hanley's life as a dyslexic wordsmith | Whiskey Ginger,Whiskey Ginger with Andrew Santino,1/16/2026 12:00:00,7/20/2026,108027,64909,53709,60690,43118,29836,34914,TRUE,1,0.8143,2,0.5746,-0.2397,3,0.6272,0.0526,4,0.0526
10986,Earthquake Gets Real About Comedy | Whiskey Ginger,Whiskey Ginger with Andrew Santino,1/23/2026 12:00:00,7/20/2026,106235,66188,54967,62444,40047,31765,36953,TRUE,1,0.7993,2,0.6359,-0.1634,3,0.6402,0.0043,3,0.0731
11235,"Ian Fidance is a shocker, dude! | Whiskey Ginger",Whiskey Ginger with Andrew Santino,5/22/2026 11:00:00,7/20/2026,167361,67712,56716,65714,99649,76232,95868,TRUE,1,0.7117,2,0.5776,-0.1341,3,0.5672,-0.0104,7,0.0561
11083,Barry Rothbart Meets The Whiskey Ginger Ghost 👻 | Whiskey Ginger,Whiskey Ginger with Andrew Santino,2/20/2026 12:00:00,7/20/2026,98691,67893,57799,64674,30798,26230,29343,TRUE,1,0.7265,2,0.5518,-0.1747,3,0.5304,-0.0214,9,0.0446
11072,Tommy Brennan Joins The Show! | Whiskey Ginger,Whiskey Ginger with Andrew Santino,3/6/2026 12:00:00,7/20/2026,109795,72122,60532,68643,37673,30246,34839,TRUE,1,0.7658,2,0.605,-0.1608,3,0.5828,-0.0222,7,0.078
11855,James Donald Forbes McCann Comes to Play | Whiskey Ginger,Whiskey Ginger with Andrew Santino,6/26/2026 11:00:00,7/20/2026,242961,72557,62371,72557,170404,144766,170404,TRUE,1,0.7685,2,0.5081,-0.2604,3,0.5044,-0.0037,23,0.0699
11056,Chloe Radcliffe Joins The Show! | Whiskey Ginger,Whiskey Ginger with Andrew Santino,2/27/2026 12:00:00,7/20/2026,126621,73065,61908,69506,53556,43515,50196,TRUE,1,0.8173,2,0.6051,-0.2122,3,0.6293,0.0242,2,0.0242
11088,Fiona Cauley: Two red heads do a podcast | Whiskey Ginger,Whiskey Ginger with Andrew Santino,3/13/2026 11:00:00,7/20/2026,180200,73142,58567,68641,107058,85701,101216,TRUE,1,0.8039,2,0.6345,-0.1694,3,0.6324,-0.0021,6,0.0067
11242,Andy Milonakis Has Lived the Weirdest Life Online | Whiskey Ginger,Whiskey Ginger with Andrew Santino,5/28/2026 11:00:00,7/20/2026,510718,73273,59764,70678,437445,313645,399503,TRUE,1,0.8307,2,0.6377,-0.193,3,0.592,-0.0457,4,0.0357
10956,Charlie Berens is Milwaukee's Finest | Whiskey Ginger,Whiskey Ginger with Andrew Santino,1/9/2026 12:00:00,7/20/2026,197772,73393,59173,67469,124379,84445,106469,TRUE,1,0.7756,2,0.5699,-0.2057,3,0.5487,-0.0212,2,0.0624
10943,"Ryan Sickler Talks Comedy, Family & Real Life | Whiskey Ginger",Whiskey Ginger with Andrew Santino,1/2/2026 12:00:00,7/20/2026,184928,74812,58109,67282,110116,82050,100294,TRUE,1,0.7454,2,0.5396,-0.2058,3,0.5722,0.0326,9,0.0326
11116,Jimmy O. Yang: The 60/40 Asian Prince | Whiskey Ginger,Whiskey Ginger with Andrew Santino,3/27/2026 11:00:00,7/20/2026,238398,75474,59410,69246,162924,114714,142156,TRUE,1,0.821,2,0.5792,-0.2418,3,0.5927,0.0135,2,0.0481
11287,"Tony Hale and Santino Go Deep on Comedy, Faith & Hollywood | Whiskey Ginger",Whiskey Ginger with Andrew Santino,6/19/2026 11:00:00,7/20/2026,133406,77971,65588,77837,55435,49040,55435,TRUE,1,0.7678,2,0.5244,-0.2434,3,0.5417,0.0173,8,0.0855
11133,Timmy No Brakes Doesn’t Stop… Ever | Whiskey Ginger,Whiskey Ginger with Andrew Santino,4/3/2026 11:00:00,7/20/2026,314174,78674,60954,72745,235500,116195,190327,TRUE,1,0.8055,2,0.6603,-0.1452,3,0.6763,0.016,16,0.0788
11084,Todd Barry Returns To The Show! | Whiskey Ginger,Whiskey Ginger with Andrew Santino,2/13/2026 12:00:00,7/20/2026,130180,80175,63131,73213,50005,40854,46838,TRUE,1,0.7898,2,0.5615,-0.2283,3,0.5482,-0.0133,2,0.0647
11208,Pete Holmes: Gimme a donut...Really! | Whiskey Ginger,Whiskey Ginger with Andrew Santino,5/8/2026 11:00:00,7/20/2026,218006,80964,65995,77364,137042,102752,128518,TRUE,1,0.7067,2,0.5782,-0.1285,3,0.5569,-0.0213,7,0.0633
11177,Oliver Tree Explains It All! | Whiskey Ginger,Whiskey Ginger with Andrew Santino,4/24/2026 11:00:00,7/20/2026,335910,82494,60165,71207,253416,87423,107513,TRUE,1,0.7724,2,0.603,-0.1694,3,0.6319,0.0289,7,0.0289
11261,"Jordan Jensen ""Call Me Lady Jumbo"" | Whiskey Ginger",Whiskey Ginger with Andrew Santino,6/5/2026 11:00:00,7/20/2026,273253,84472,68772,81776,188781,146763,182400,TRUE,1,0.7532,2,0.6005,-0.1527,3,0.5783,-0.0222,18,0.0739
11017,Frank Caliendo Becomes Everyone! | Whiskey Ginger,Whiskey Ginger with Andrew Santino,2/6/2026 12:00:00,7/20/2026,494768,86634,64462,77923,408134,125518,295255,TRUE,1,0.7514,2,0.5898,-0.1616,3,0.5559,-0.0339,15,0.0138
11148,Josh Peck Joins The Show! | Whiskey Ginger,Whiskey Ginger with Andrew Santino,4/10/2026 11:00:00,7/20/2026,246485,88808,67869,80893,157677,114243,142051,TRUE,1,0.7465,2,0.5909,-0.1556,3,0.5711,-0.0198,6,0.0707
11274,Jake Johnson is still an ALPHA SILVERBACK 🤣 | Whiskey Ginger,Whiskey Ginger with Andrew Santino,6/12/2026 11:00:00,7/20/2026,240337,90381,74793,88720,149956,125085,148183,TRUE,1,0.7352,2,0.586,-0.1492,3,0.5704,-0.0156,10,0.1095
11002,Tom Segura Joins The Show! | Whiskey Ginger,Whiskey Ginger with Andrew Santino,1/30/2026 12:00:00,7/20/2026,462854,100844,71585,87226,362010,235218,303609,TRUE,1,0.7523,2,0.5738,-0.1785,3,0.6045,0.0307,17,0.0307
12886,"American Century Chaos, Team USA Gold Chants & a Wild Rascal Flatts Night | Wingmen  ",Wingmen with Matthew & Brady Tkachuk,7/15/2026 18:53:00,7/20/2026,16998,9844,9844,9844,7154,7154,7154,TRUE,1,0.8635,2,0.5746,-0.2889,3,0.505,-0.0696,23,0.0453
11180,"Matthew Tkachuk Reacts to Ducks-Oilers Controversy, Wild-Stars, Senators Get Swept | Wingmen",Wingmen with Matthew & Brady Tkachuk,4/27/2026 20:55:00,7/20/2026,33683,10323,8927,9937,23360,22219,23112,TRUE,1,0.9001,2,0.6241,-0.276,3,0.5349,-0.0892,15,0.067
11192,"Matthew Tkachuk Talks Flyers-Penguins, Playoff Pressure & Iconic Calls with Kenny Albert",Wingmen with Matthew & Brady Tkachuk,4/30/2026 19:39:00,7/20/2026,28646,12644,11254,12323,16002,14860,15684,TRUE,1,0.9012,2,0.61,-0.2912,3,0.5945,-0.0155,16,0.0391
11005,"T.J. Oshie Reveals Olympics memories, Blues trade frustrations + Jonathan Toews influence",Wingmen with Matthew & Brady Tkachuk,2/2/2026 11:00:00,7/20/2026,44427,12807,9919,11671,31620,14598,25178,TRUE,1,0.8836,2,0.6294,-0.2542,3,0.5989,-0.0305,23,0.0206
11196,"Matthew Tkachuk & T.J. Oshie on Oilers’ Future, NHL Round 1 Chaos & Round 2 Predictions | Wingmen",Wingmen with Matthew & Brady Tkachuk,5/4/2026 21:35:00,7/20/2026,41689,13092,11388,12705,28597,25758,27947,TRUE,1,0.8835,2,0.5861,-0.2974,3,0.5148,-0.0713,18,0.0873
10993,"Sergei Bobrovsky Fight Breakdown, Tribute Video Etiquette, Youth Hockey Memories | Wingmen",Wingmen with Matthew & Brady Tkachuk,1/28/2026 11:00:00,7/20/2026,32202,13665,11007,12547,18537,12473,14490,TRUE,1,0.7821,2,0.4976,-0.2845,3,0.472,-0.0256,20,0.0679
10980,"Olympic Questions, AHL Trilogy Fight Breakdown, Fan Voicemails | Wingmen",Wingmen with Matthew & Brady Tkachuk,1/21/2026 11:00:00,7/20/2026,31085,13936,10939,12513,17149,12326,14050,TRUE,1,0.8335,2,0.5832,-0.2503,3,0.5529,-0.0303,24,0.0329
11206,"Brady Returns, The Quinn Hughes Impact , Mother’s Day Must Do’s | Wingmen",Wingmen with Matthew & Brady Tkachuk,5/8/2026 10:00:00,7/20/2026,41904,13995,11721,13444,27909,25018,26812,TRUE,1,0.8605,2,0.6335,-0.227,3,0.5542,-0.0793,28,0.0272
11010,"Patrick Kane Makes History, Goalie Chaos, Sneak Peek at the Olympics Matchups | Wingmen",Wingmen with Matthew & Brady Tkachuk,2/4/2026 11:00:00,7/20/2026,31349,14445,10828,13358,16904,10237,14081,TRUE,1,0.8385,2,0.5657,-0.2728,3,0.5407,-0.025,23,0.0503
11164,"Matthew Tkachuk Reacts to Penguins vs Flyers Rivalry, Brady’s Fight & Sabres Comeback",Wingmen with Matthew & Brady Tkachuk,4/20/2026 16:22:00,7/20/2026,42518,14549,13037,14126,27969,26747,27691,TRUE,1,0.8749,2,0.5461,-0.3288,3,0.455,-0.0911,17,0.0883
11279,"Hurricanes Win the Cup, UFC 250 Chaos, Why Keith Tkachuk Belongs in the Hall | Wingmen",Wingmen with Matthew & Brady Tkachuk,6/17/2026 10:00:00,7/20/2026,33046,14625,12180,14547,18421,17420,18409,TRUE,1,0.8897,2,0.6686,-0.2211,3,0.623,-0.0456,14,0.0376
11176,"Matthew Tkachuk & Erik Johnson PREDICT Stars-Wild, Oilers-Ducks & Canadiens-Lightning | Wingmen",Wingmen with Matthew & Brady Tkachuk,4/24/2026 11:00:00,7/20/2026,33283,14678,12921,14233,18605,17413,18391,TRUE,1,0.8905,2,0.6386,-0.2519,3,0.5859,-0.0527,15,0.0269
11861,Tage Thompson Talks Olympic Gold & Buffalo's Craziest Playoff Stories | Wingmen,Wingmen with Matthew & Brady Tkachuk,7/1/2026 10:00:00,7/20/2026,35561,14955,12398,14955,20606,18313,20606,TRUE,1,0.8373,2,0.6417,-0.1956,3,0.6204,-0.0213,19,0.042
11253,"Ray Ferraro On Calling NHL Stanley Cup Final, Four Nations Stories, Gretzky Memories  | Wingmen",Wingmen with Matthew & Brady Tkachuk,6/2/2026 12:00:00,7/20/2026,33624,14958,12275,14649,18666,17121,18469,TRUE,1,0.8315,2,0.5131,-0.3184,3,0.4668,-0.0463,27,0.0514
10962,"Auston Matthews Milestone, Youth Hockey Brawl & Olympic Lookahead | Wingmen",Wingmen with Matthew & Brady Tkachuk,1/14/2026 11:00:00,7/20/2026,41698,15334,12152,14049,26364,17230,19348,TRUE,1,0.8464,2,0.5265,-0.3199,3,0.4859,-0.0406,23,0.0505
11155,"Senators Clinch Playoffs, Ovechkin vs Crosby Last Game, A New Wingman ",Wingmen with Matthew & Brady Tkachuk,4/15/2026 11:12:00,7/20/2026,36380,15545,13995,15220,20835,19818,20581,TRUE,1,0.8677,2,0.6607,-0.207,3,0.5701,-0.0906,19,0.0553
10949,Inside Team USA’s Miracle: Mike Eruzione Tells the Untold Story,Wingmen with Matthew & Brady Tkachuk,1/7/2026 11:00:00,7/20/2026,48629,15740,11892,14123,32889,11041,14461,TRUE,1,0.8567,2,0.5699,-0.2868,3,0.5412,-0.0287,20,0.016
11229,"Team USA Worlds Talk, Leafs Coaching Drama & F-16 Pilots Try To Make Mathew Puke | Wingmen",Wingmen with Matthew & Brady Tkachuk,5/20/2026 10:00:00,7/20/2026,16589,16589,12175,15932,,,,,,,,,,,,,,
11025,"Tkachuk Favorite FIGHT Stories, White House BTS, Olympics Memories & Goals | Wingmen",Wingmen with Matthew & Brady Tkachuk,2/11/2026 11:00:00,7/20/2026,29213,17450,10165,15606,11763,6234,10254,TRUE,1,0.9537,2,0.6729,-0.2808,3,0.5781,-0.0948,16,0.0297
11264,"Stanley Cup Final Chaos, McNabb’s Warrior Mentality, NHL Combine Stories | Wingmen",Wingmen with Matthew & Brady Tkachuk,6/9/2026 13:00:00,7/20/2026,36749,18365,14897,17977,18384,16972,18288,TRUE,1,0.845,2,0.5768,-0.2682,3,0.5383,-0.0385,18,0.0298
12876,"Matt Boldy's Olympic Gold Stories, NHL Free Agency Winners & Panthers' Reign | Wingmen",Wingmen with Matthew & Brady Tkachuk,7/8/2026 10:00:00,7/20/2026,43585,18589,16767,18589,24996,24175,24996,TRUE,1,0.8554,2,0.6662,-0.1892,3,0.6144,-0.0518,24,0.0522
11111,"Matthew & Brady Tkachuk on Brady’s Big Fight, World Cup Drama & Ovechkin’s Milestone | Wingmen",Wingmen with Matthew & Brady Tkachuk,3/26/2026 10:00:00,7/20/2026,51416,18712,15374,17763,32704,27583,30786,TRUE,1,0.8574,2,0.4554,-0.402,3,0.4372,-0.0182,23,0.0502
11139,"Senators Fans Chant “Brady”, Celebrini’s INSANE Season, NHL Awards Predictions | Wingmen",Wingmen with Matthew & Brady Tkachuk,4/8/2026 10:00:00,7/20/2026,46657,18894,15783,18256,27763,25017,27014,TRUE,1,0.8313,2,0.502,-0.3293,3,0.4782,-0.0238,22,0.0754
11213,"Shane O’Brien’s Playoff Deep Dive, Sabres-Habs Series & Tkachuk’s F-16 Ride | Wingmen",Wingmen with Matthew & Brady Tkachuk,5/12/2026 13:00:00,7/20/2026,36056,19513,15154,18652,16543,14731,16124,TRUE,1,0.8527,2,0.5216,-0.3311,3,0.48,-0.0416,22,0.063
11064,"Connor Hellebuyck Relives Olympic Gold, Hughes' Brothers on SNL, NHL Trade Deadline Nears | Wingmen",Wingmen with Matthew & Brady Tkachuk,3/4/2026 11:00:00,7/20/2026,94313,22072,17288,20775,72241,57761,65439,TRUE,1,0.8406,2,0.5599,-0.2807,3,0.5484,-0.0115,21,0.0425
11292,"Brady Tkachuk REACTS to Joining the Florida Panthers With Matthew, emotional goodbte to Ottawa",Wingmen with Matthew & Brady Tkachuk,6/23/2026 14:00:00,7/20/2026,67277,22099,17646,22099,45178,42477,45178,TRUE,1,0.9035,2,0.7866,-0.1169,3,0.7565,-0.0301,10,0.0184
11127,"Keith Tkachuk on John Tortorella hiring, LEGENDARY NHL stories, chirping Matt & Brady | Wingmen",Wingmen with Matthew & Brady Tkachuk,4/1/2026 12:50:00,7/20/2026,74527,22578,17841,21393,51949,39794,46824,TRUE,1,0.81,2,0.5471,-0.2629,3,0.501,-0.0461,32,0.0486
11079,Paul Bissonnette DEMANDS USA vs Canada Rematch | Wingmen,Wingmen with Matthew & Brady Tkachuk,3/11/2026 10:00:00,7/20/2026,104623,23241,18512,22043,81382,65063,74439,TRUE,1,0.8603,2,0.6433,-0.217,3,0.5995,-0.0438,20,0.0304
11054,Matthew & Brady Tkachuk DIVE DEEP On USA Hockey's Olympic Win Over Canada,Wingmen with Matthew & Brady Tkachuk,2/26/2026 11:00:00,7/20/2026,134922,25870,18728,22880,109052,96419,104209,TRUE,1,0.8362,2,0.5538,-0.2824,3,0.5522,-0.0016,21,0.0642
11094,"Jack & Quinn Hughes relive Golden Goals, Epic Olympics Stories, Shutting down McDavid | Wingmen",Wingmen with Matthew & Brady Tkachuk,3/18/2026 10:00:00,7/20/2026,246337,30790,21362,27365,215547,154171,179619,TRUE,1,0.8149,2,0.5667,-0.2482,3,0.5625,-0.0042,28,0.0396